,index,Unnamed: 0,Date,ESI,station,SMS-2.0in_mean,SMS-2.0in_count,how
954,954,954,2/12/14,2.8896449,2057:AL:SCAN,33.48571429,7,both
956,956,956,2/12/14,0.24632752,2177:AL:SCAN,53.34285714,7,both
958,958,958,2/12/14,2.656453,2174:AL:SCAN,52.58571429,7,both
963,963,963,2/12/14,-0.31788346,2178:AL:SCAN,24.32857143,7,both
964,964,964,2/12/14,-0.11372527,2181:AL:SCAN,27.77142857,7,both
969,969,969,2/12/14,-0.24370562,2115:AL:SCAN,14.42857143,7,both
970,970,970,2/12/14,2.050805,2175:AL:SCAN,17.64285714,7,both
972,972,972,4/30/14,-0.41667864,2057:AL:SCAN,37.38571429,7,both
974,974,974,4/30/14,-0.24647547,2177:AL:SCAN,47.97142857,7,both
975,975,975,4/30/14,0.26990458,2113:AL:SCAN,34.81428571,7,both
976,976,976,4/30/14,0.06830856,2174:AL:SCAN,57.6,7,both
978,978,978,4/30/14,0.18638495,2173:AL:SCAN,27.01428571,7,both
980,980,980,4/30/14,-1.9235067,2114:AL:SCAN,38.82857143,7,both
982,982,982,4/30/14,0.65317774,2181:AL:SCAN,20.75714286,7,both
986,986,986,4/30/14,0.16101956,2179:AL:SCAN,23.61428571,7,both
987,987,987,4/30/14,-0.68424433,2115:AL:SCAN,11.07142857,7,both
989,989,989,4/30/14,-1.4689524,2053:AL:SCAN,37.65714286,7,both
990,990,990,1/8/14,-0.46404344,2057:AL:SCAN,33.85714286,7,both
992,992,992,1/8/14,-0.2595223,2177:AL:SCAN,51.9,7,both
993,993,993,1/8/14,0.20009248,2113:AL:SCAN,33.52857143,7,both
994,994,994,1/8/14,1.3163586,2174:AL:SCAN,53.24285714,7,both
996,996,996,1/8/14,-1.2745292,2173:AL:SCAN,23.55714286,7,both
998,998,998,1/8/14,1.3218486,2114:AL:SCAN,40.4,7,both
1000,1000,1000,1/8/14,1.0021236,2181:AL:SCAN,26.58571429,7,both
1004,1004,1004,1/8/14,0.19706003,2179:AL:SCAN,26.7,7,both
1005,1005,1005,1/8/14,0.93041176,2115:AL:SCAN,25.84285714,7,both
1006,1006,1006,1/8/14,-1.0460465,2175:AL:SCAN,20.4,7,both
1007,1007,1007,1/8/14,0.06016818,2053:AL:SCAN,34.82857143,7,both
1008,1008,1008,11/19/14,0.28214633,2057:AL:SCAN,31.32857143,7,both
1010,1010,1010,11/19/14,0.7738824,2177:AL:SCAN,31.94285714,7,both
1011,1011,1011,11/19/14,1.0728891,2113:AL:SCAN,32.44285714,7,both
1012,1012,1012,11/19/14,0.6675533,2174:AL:SCAN,44.22857143,7,both
1013,1013,1013,11/19/14,1.8716749,2055:AL:SCAN,27.01428571,7,both
1014,1014,1014,11/19/14,0.55215305,2173:AL:SCAN,31.41428571,7,both
1015,1015,1015,11/19/14,0.3431376,2180:AL:SCAN,9.714285714,7,both
1016,1016,1016,11/19/14,0.395624,2114:AL:SCAN,21.61428571,7,both
1018,1018,1018,11/19/14,0.23414867,2181:AL:SCAN,24.07142857,7,both
1019,1019,1019,11/19/14,0.3380999,2182:AL:SCAN,6.257142857,7,both
1021,1021,1021,11/19/14,1.0910479,2056:AL:SCAN,32.27142857,7,both
1023,1023,1023,11/19/14,1.2816025,2115:AL:SCAN,5.671428571,7,both
1024,1024,1024,11/19/14,1.266652,2175:AL:SCAN,16.77142857,7,both
1025,1025,1025,11/19/14,0.6359837,2053:AL:SCAN,30.97142857,7,both
1026,1026,1026,10/1/14,-0.10589509,2057:AL:SCAN,14.12857143,7,both
1028,1028,1028,10/1/14,-2.6589959,2177:AL:SCAN,35.04285714,7,both
1029,1029,1029,10/1/14,0.5838508,2113:AL:SCAN,8.157142857,7,both
1030,1030,1030,10/1/14,-1.241971,2174:AL:SCAN,35.35714286,7,both
1032,1032,1032,10/1/14,0.28265935,2173:AL:SCAN,10.67142857,7,both
1033,1033,1033,10/1/14,-1.4545008,2180:AL:SCAN,11.81428571,7,both
1034,1034,1034,10/1/14,-2.312867,2114:AL:SCAN,20.94285714,7,both
1036,1036,1036,10/1/14,-2.1659634,2181:AL:SCAN,10.18571429,7,both
1037,1037,1037,10/1/14,0.8004097,2182:AL:SCAN,10.47142857,7,both
1039,1039,1039,10/1/14,0.684808,2056:AL:SCAN,14.2,7,both
1040,1040,1040,10/1/14,-0.04947323,2179:AL:SCAN,7.942857143,7,both
1041,1041,1041,10/1/14,-1.9338742,2115:AL:SCAN,6.285714286,7,both
1044,1044,1044,11/5/14,-0.40166944,2057:AL:SCAN,30.15714286,7,both
1046,1046,1046,11/5/14,-0.64352036,2177:AL:SCAN,33.5,7,both
1047,1047,1047,11/5/14,1.2809314,2113:AL:SCAN,31.08571429,7,both
1048,1048,1048,11/5/14,0.26868916,2174:AL:SCAN,38.3,7,both
1049,1049,1049,11/5/14,1.425441,2055:AL:SCAN,23.78571429,7,both
1050,1050,1050,11/5/14,0.29853785,2173:AL:SCAN,30.44285714,7,both
1051,1051,1051,11/5/14,-0.8938519,2180:AL:SCAN,9.457142857,7,both
1052,1052,1052,11/5/14,-0.18085106,2114:AL:SCAN,19.4,7,both
1054,1054,1054,11/5/14,-0.5086824,2181:AL:SCAN,10.38571429,7,both
1055,1055,1055,11/5/14,-0.44281548,2182:AL:SCAN,7.914285714,7,both
1057,1057,1057,11/5/14,0.50764394,2056:AL:SCAN,28.02857143,7,both
1058,1058,1058,11/5/14,1.1586504,2179:AL:SCAN,20.84285714,7,both
1059,1059,1059,11/5/14,-0.2900514,2115:AL:SCAN,5.1,7,both
1060,1060,1060,11/5/14,0.29075646,2175:AL:SCAN,12.6,7,both
1061,1061,1061,11/5/14,-0.15135504,2053:AL:SCAN,29.22857143,7,both
1062,1062,1062,1/22/14,-0.34551066,2057:AL:SCAN,32.58571429,7,both
1064,1064,1064,1/22/14,-0.77445513,2177:AL:SCAN,49.45714286,7,both
1065,1065,1065,1/22/14,-0.35931435,2113:AL:SCAN,33.71428571,7,both
1066,1066,1066,1/22/14,-0.26294872,2174:AL:SCAN,50.08571429,7,both
1068,1068,1068,1/22/14,-0.108744025,2173:AL:SCAN,27.17142857,7,both
1070,1070,1070,1/22/14,-0.9750778,2114:AL:SCAN,40.08571429,7,both
1071,1071,1071,1/22/14,-0.42424992,2178:AL:SCAN,21.97142857,7,both
1072,1072,1072,1/22/14,-1.0383056,2181:AL:SCAN,24.91428571,7,both
1076,1076,1076,1/22/14,-0.003091746,2179:AL:SCAN,25.44285714,7,both
1077,1077,1077,1/22/14,0.060658462,2115:AL:SCAN,19.14285714,7,both
1078,1078,1078,1/22/14,-0.4594904,2175:AL:SCAN,15.5,7,both
1079,1079,1079,1/22/14,-0.72253555,2053:AL:SCAN,35.61428571,7,both
1080,1080,1080,10/22/14,0.3248453,2057:AL:SCAN,28.34285714,7,both
1082,1082,1082,10/22/14,0.1770427,2177:AL:SCAN,42.7,7,both
1083,1083,1083,10/22/14,0.4072367,2113:AL:SCAN,30.12857143,7,both
1084,1084,1084,10/22/14,0.49629876,2174:AL:SCAN,43.42857143,7,both
1085,1085,1085,10/22/14,0.5908498,2055:AL:SCAN,25.27142857,7,both
1086,1086,1086,10/22/14,0.6794666,2173:AL:SCAN,30.57142857,7,both
1087,1087,1087,10/22/14,0.49155495,2180:AL:SCAN,12.52857143,7,both
1088,1088,1088,10/22/14,-0.33296868,2114:AL:SCAN,24.22857143,7,both
1090,1090,1090,10/22/14,-0.47930214,2181:AL:SCAN,22.71428571,7,both
1091,1091,1091,10/22/14,0.24000181,2182:AL:SCAN,11.3,7,both
1093,1093,1093,10/22/14,0.27664474,2056:AL:SCAN,26.91428571,7,both
1094,1094,1094,10/22/14,0.4720565,2179:AL:SCAN,20.81428571,7,both
1095,1095,1095,10/22/14,0.17962243,2115:AL:SCAN,8.5,7,both
1096,1096,1096,10/22/14,0.41009352,2175:AL:SCAN,17.17142857,7,both
1097,1097,1097,10/22/14,0.24010305,2053:AL:SCAN,28.81428571,7,both
1098,1098,1098,5/21/14,-1.2586062,2057:AL:SCAN,36.75714286,7,both
1100,1100,1100,5/21/14,1.0682018,2177:AL:SCAN,53.75714286,7,both
1101,1101,1101,5/21/14,-0.67999005,2113:AL:SCAN,24.42857143,7,both
1102,1102,1102,5/21/14,-0.60340047,2174:AL:SCAN,54.47142857,7,both
1104,1104,1104,5/21/14,0.42917484,2173:AL:SCAN,26.77142857,7,both
1106,1106,1106,5/21/14,0.26153177,2114:AL:SCAN,37.31428571,7,both
1107,1107,1107,5/21/14,0.5597742,2178:AL:SCAN,20.84285714,7,both
1108,1108,1108,5/21/14,0.20154664,2181:AL:SCAN,26.07142857,7,both
1111,1111,1111,5/21/14,-1.2814687,2056:AL:SCAN,28.75714286,7,both
1112,1112,1112,5/21/14,0.91095966,2179:AL:SCAN,22.34285714,7,both
1113,1113,1113,5/21/14,0.95030636,2115:AL:SCAN,12.28571429,7,both
1115,1115,1115,5/21/14,-0.803981,2053:AL:SCAN,36.68571429,7,both
1119,1119,1119,6/18/14,1.1117003,2113:AL:SCAN,30.37142857,7,both
1120,1120,1120,6/18/14,0.2090983,2174:AL:SCAN,57.57142857,7,both
1122,1122,1122,6/18/14,0.7161383,2173:AL:SCAN,20.2,7,both
1124,1124,1124,6/18/14,-0.48648018,2114:AL:SCAN,35.91428571,7,both
1125,1125,1125,6/18/14,-1.2059107,2178:AL:SCAN,19.27142857,7,both
1126,1126,1126,6/18/14,1.0495919,2181:AL:SCAN,26.04285714,7,both
1131,1131,1131,6/18/14,0.30056697,2115:AL:SCAN,10.48571429,7,both
1132,1132,1132,6/18/14,0.9426053,2175:AL:SCAN,19.85714286,7,both
1133,1133,1133,6/18/14,1.2313803,2053:AL:SCAN,32.58571429,7,both
1134,1134,1134,4/16/14,0.10120373,2057:AL:SCAN,33.92857143,7,both
1135,1135,1135,4/16/14,0.7789883,2078:AL:SCAN,29.4,7,both
1136,1136,1136,4/16/14,0.7231838,2177:AL:SCAN,52.27142857,7,both
1137,1137,1137,4/16/14,0.31823993,2113:AL:SCAN,34.25714286,7,both
1138,1138,1138,4/16/14,1.5383826,2174:AL:SCAN,55.02857143,7,both
1140,1140,1140,4/16/14,1.4540225,2173:AL:SCAN,25.7,7,both
1142,1142,1142,4/16/14,0.98798716,2114:AL:SCAN,40.41428571,7,both
1143,1143,1143,4/16/14,0.7579459,2178:AL:SCAN,19,7,both
1144,1144,1144,4/16/14,0.46995947,2181:AL:SCAN,26.67142857,7,both
1148,1148,1148,4/16/14,0.6714536,2179:AL:SCAN,24.51428571,7,both
1149,1149,1149,4/16/14,0.1538338,2115:AL:SCAN,18.51428571,7,both
1150,1150,1150,4/16/14,2.2872992,2175:AL:SCAN,27.57142857,7,both
1151,1151,1151,4/16/14,0.9700046,2053:AL:SCAN,35.8,7,both
1152,1152,1152,12/3/14,0.96101344,2057:AL:SCAN,32.32857143,7,both
1154,1154,1154,12/3/14,0.07989749,2177:AL:SCAN,40.37142857,7,both
1155,1155,1155,12/3/14,0.9578855,2113:AL:SCAN,32.64285714,7,both
1156,1156,1156,12/3/14,0.8917581,2174:AL:SCAN,42.24285714,7,both
1157,1157,1157,12/3/14,1.5209934,2055:AL:SCAN,27.67142857,7,both
1158,1158,1158,12/3/14,0.59929276,2173:AL:SCAN,31.51428571,7,both
1159,1159,1159,12/3/14,0.40101445,2180:AL:SCAN,10.48571429,7,both
1160,1160,1160,12/3/14,1.5499988,2114:AL:SCAN,30.5,7,both
1162,1162,1162,12/3/14,-0.112890184,2181:AL:SCAN,21.27142857,7,both
1163,1163,1163,12/3/14,0.36641675,2182:AL:SCAN,11.41428571,7,both
1165,1165,1165,12/3/14,1.0960308,2056:AL:SCAN,37.67142857,7,both
1167,1167,1167,12/3/14,0.38353717,2115:AL:SCAN,9.228571429,7,both
1168,1168,1168,12/3/14,0.10353104,2175:AL:SCAN,19.51428571,7,both
1169,1169,1169,12/3/14,0.7980222,2053:AL:SCAN,33.8,7,both
1170,1170,1170,4/2/14,0.54443514,2057:AL:SCAN,34.48571429,7,both
1172,1172,1172,4/2/14,0.8646578,2177:AL:SCAN,52.98571429,7,both
1173,1173,1173,4/2/14,0.38102263,2113:AL:SCAN,33.81428571,7,both
1174,1174,1174,4/2/14,0.66542804,2174:AL:SCAN,54.52857143,7,both
1176,1176,1176,4/2/14,0.2718077,2173:AL:SCAN,20.6,7,both
1178,1178,1178,4/2/14,0.325559,2114:AL:SCAN,40.42857143,7,both
1179,1179,1179,4/2/14,0.9712981,2178:AL:SCAN,23.4,7,both
1180,1180,1180,4/2/14,0.58370084,2181:AL:SCAN,26.67142857,7,both
1184,1184,1184,4/2/14,0.4942159,2179:AL:SCAN,25.81428571,7,both
1185,1185,1185,4/2/14,0.47691345,2115:AL:SCAN,17.21428571,7,both
1186,1186,1186,4/2/14,-0.7076523,2175:AL:SCAN,28.91428571,7,both
1187,1187,1187,4/2/14,-0.14797626,2053:AL:SCAN,35.52857143,7,both
1188,1188,1188,8/13/14,1.0329919,2057:AL:SCAN,24.9,7,both
1191,1191,1191,8/13/14,0.79326624,2113:AL:SCAN,5.314285714,7,both
1194,1194,1194,8/13/14,0.042077966,2173:AL:SCAN,25.54285714,7,both
1196,1196,1196,8/13/14,-1.774994,2114:AL:SCAN,27.74285714,7,both
1197,1197,1197,8/13/14,-0.4492268,2178:AL:SCAN,11.8,7,both
1198,1198,1198,8/13/14,-1.2284476,2181:AL:SCAN,14.44285714,7,both
1201,1201,1201,8/13/14,-0.34405547,2056:AL:SCAN,16.91428571,7,both
1203,1203,1203,8/13/14,-0.07702073,2115:AL:SCAN,10.88571429,7,both
1204,1204,1204,8/13/14,1.4350396,2175:AL:SCAN,16.6,7,both
1206,1206,1206,12/24/14,0.4739359,2057:AL:SCAN,34.62857143,7,both
1210,1210,1210,12/24/14,2.5079296,2174:AL:SCAN,43.97142857,7,both
1212,1212,1212,12/24/14,1.4466375,2173:AL:SCAN,34.14285714,7,both
1213,1213,1213,12/24/14,1.5310879,2180:AL:SCAN,13.6,7,both
1214,1214,1214,12/24/14,1.3375927,2114:AL:SCAN,33.67142857,7,both
1216,1216,1216,12/24/14,0.000770646,2181:AL:SCAN,26.9,7,both
1217,1217,1217,12/24/14,0.80499023,2182:AL:SCAN,10.54285714,7,both
1219,1219,1219,12/24/14,1.6477048,2056:AL:SCAN,41.64285714,7,both
1221,1221,1221,12/24/14,2.6198542,2115:AL:SCAN,9.642857143,7,both
1223,1223,1223,12/24/14,0.06731856,2053:AL:SCAN,35.27142857,7,both
1224,1224,1224,9/3/14,-0.65161294,2057:AL:SCAN,28.51428571,7,both
1226,1226,1226,9/3/14,0.6640826,2177:AL:SCAN,44.34285714,7,both
1227,1227,1227,9/3/14,0.44183066,2113:AL:SCAN,12.62857143,7,both
1230,1230,1230,9/3/14,1.346113,2173:AL:SCAN,22,7,both
1232,1232,1232,9/3/14,0.191097,2114:AL:SCAN,26.7,7,both
1233,1233,1233,9/3/14,1.1194841,2178:AL:SCAN,12.54285714,7,both
1234,1234,1234,9/3/14,1.1016108,2181:AL:SCAN,13.72857143,7,both
1237,1237,1237,9/3/14,0.16512401,2056:AL:SCAN,20.14285714,7,both
1239,1239,1239,9/3/14,0.8294317,2115:AL:SCAN,7,7,both
1240,1240,1240,9/3/14,-0.17413755,2175:AL:SCAN,12.04285714,7,both
1241,1241,1241,9/3/14,0.47823134,2053:AL:SCAN,18.45714286,7,both
1242,1242,1242,5/14/14,-1.3819783,2057:AL:SCAN,26.74285714,7,both
1244,1244,1244,5/14/14,-0.5679167,2177:AL:SCAN,45.5,7,both
1245,1245,1245,5/14/14,0.6694226,2113:AL:SCAN,15.32857143,7,both
1248,1248,1248,5/14/14,0.8813327,2173:AL:SCAN,13.91428571,7,both
1250,1250,1250,5/14/14,1.183159,2114:AL:SCAN,37.17142857,7,both
1251,1251,1251,5/14/14,-0.39359298,2178:AL:SCAN,13.31428571,7,both
1255,1255,1255,5/14/14,-0.5997255,2056:AL:SCAN,17.35714286,7,both
1256,1256,1256,5/14/14,0.40947244,2179:AL:SCAN,11.04285714,7,both
1257,1257,1257,5/14/14,-0.09983589,2115:AL:SCAN,10.62857143,7,both
1258,1258,1258,5/14/14,-1.091677,2175:AL:SCAN,18.15714286,7,both
1259,1259,1259,5/14/14,-1.1801705,2053:AL:SCAN,32.01428571,7,both
1260,1260,1260,2/26/14,-0.53556603,2057:AL:SCAN,35.81428571,7,both
1262,1262,1262,2/26/14,-0.8622503,2177:AL:SCAN,54.51428571,7,both
1263,1263,1263,2/26/14,-0.51236194,2113:AL:SCAN,35.57142857,7,both
1264,1264,1264,2/26/14,-0.6516024,2174:AL:SCAN,55.22857143,7,both
1266,1266,1266,2/26/14,-0.22819687,2173:AL:SCAN,28.71428571,7,both
1268,1268,1268,2/26/14,1.245969,2114:AL:SCAN,40.52857143,7,both
1269,1269,1269,2/26/14,-1.4233724,2178:AL:SCAN,23.82857143,7,both
1270,1270,1270,2/26/14,-0.10892396,2181:AL:SCAN,28.4,7,both
1275,1275,1275,2/26/14,-1.365438,2115:AL:SCAN,17.68571429,7,both
1276,1276,1276,2/26/14,-0.58508414,2175:AL:SCAN,14.5,7,both
1277,1277,1277,2/26/14,-1.1147751,2053:AL:SCAN,38.14285714,7,both
1278,1278,1278,3/12/14,0.77729577,2057:AL:SCAN,32.1,7,both
1280,1280,1280,3/12/14,0.45712748,2177:AL:SCAN,52.17142857,7,both
1281,1281,1281,3/12/14,0.34964836,2113:AL:SCAN,34.17142857,7,both
1282,1282,1282,3/12/14,1.2919643,2174:AL:SCAN,54.82857143,7,both
1284,1284,1284,3/12/14,0.89527315,2173:AL:SCAN,25.25714286,7,both
1286,1286,1286,3/12/14,1.206224,2114:AL:SCAN,40.32857143,7,both
1287,1287,1287,3/12/14,1.0955441,2178:AL:SCAN,23.11428571,7,both
1288,1288,1288,3/12/14,-0.00559667,2181:AL:SCAN,27.81428571,7,both
1292,1292,1292,3/12/14,0.8221573,2179:AL:SCAN,25.11428571,7,both
1293,1293,1293,3/12/14,1.0407615,2115:AL:SCAN,13.61428571,7,both
1294,1294,1294,3/12/14,-0.55306125,2175:AL:SCAN,17.12857143,7,both
1295,1295,1295,3/12/14,-0.4918513,2053:AL:SCAN,33.52857143,7,both
1296,1296,1296,6/4/14,-0.30543652,2057:AL:SCAN,29.25714286,7,both
1299,1299,1299,6/4/14,1.1827366,2113:AL:SCAN,14.31428571,7,both
1302,1302,1302,6/4/14,0.44065732,2173:AL:SCAN,22.97142857,7,both
1305,1305,1305,6/4/14,2.302278,2178:AL:SCAN,14.05714286,7,both
1306,1306,1306,6/4/14,0.8220945,2181:AL:SCAN,29.34285714,7,both
1311,1311,1311,6/4/14,2.4983997,2115:AL:SCAN,5.014285714,7,both
1314,1314,1314,10/8/14,-1.0873116,2057:AL:SCAN,16.75714286,7,both
1316,1316,1316,10/8/14,0.24814224,2177:AL:SCAN,35.72857143,7,both
1317,1317,1317,10/8/14,0.64789635,2113:AL:SCAN,15.27142857,7,both
1318,1318,1318,10/8/14,1.0875435,2174:AL:SCAN,45.3,7,both
1319,1319,1319,10/8/14,-0.53322077,2055:AL:SCAN,20.07142857,7,both
1320,1320,1320,10/8/14,0.4560785,2173:AL:SCAN,14.67142857,7,both
1321,1321,1321,10/8/14,1.3281546,2180:AL:SCAN,12.02857143,7,both
1322,1322,1322,10/8/14,-0.59365034,2114:AL:SCAN,20.47142857,7,both
1324,1324,1324,10/8/14,0.6643991,2181:AL:SCAN,18.1,7,both
1325,1325,1325,10/8/14,1.5420518,2182:AL:SCAN,11.62857143,7,both
1327,1327,1327,10/8/14,1.0081447,2056:AL:SCAN,18.55714286,7,both
1329,1329,1329,10/8/14,0.20276852,2115:AL:SCAN,5.757142857,7,both
1330,1330,1330,10/8/14,-0.28474477,2175:AL:SCAN,11.88571429,7,both
1331,1331,1331,10/8/14,0.5669212,2053:AL:SCAN,14.82857143,7,both
1332,1332,1332,2/5/14,0.3173734,2057:AL:SCAN,30.25714286,7,both
1334,1334,1334,2/5/14,3.3222277,2177:AL:SCAN,48.55714286,7,both
1335,1335,1335,2/5/14,-0.3149877,2113:AL:SCAN,34.05714286,7,both
1336,1336,1336,2/5/14,-0.26298365,2174:AL:SCAN,49.21428571,7,both
1338,1338,1338,2/5/14,1.6248579,2173:AL:SCAN,23.42857143,7,both
1340,1340,1340,2/5/14,0.6223904,2114:AL:SCAN,39.72857143,7,both
1341,1341,1341,2/5/14,3.2281785,2178:AL:SCAN,21.37142857,7,both
1342,1342,1342,2/5/14,1.3862975,2181:AL:SCAN,26.85714286,7,both
1346,1346,1346,2/5/14,1.0386395,2179:AL:SCAN,26.81428571,7,both
1349,1349,1349,2/5/14,-0.5989165,2053:AL:SCAN,28.74285714,7,both
1350,1350,1350,8/27/14,0.5339408,2057:AL:SCAN,27.61428571,7,both
1352,1352,1352,8/27/14,0.046676155,2177:AL:SCAN,51.72857143,7,both
1353,1353,1353,8/27/14,0.14540254,2113:AL:SCAN,11.81428571,7,both
1356,1356,1356,8/27/14,0.04119877,2173:AL:SCAN,25.41428571,7,both
1358,1358,1358,8/27/14,-0.20083013,2114:AL:SCAN,26.47142857,7,both
1359,1359,1359,8/27/14,-0.012616908,2178:AL:SCAN,14.38571429,7,both
1360,1360,1360,8/27/14,0.13511024,2181:AL:SCAN,20.32857143,7,both
1363,1363,1363,8/27/14,0.008303822,2056:AL:SCAN,18.7,7,both
1365,1365,1365,8/27/14,-0.8952439,2115:AL:SCAN,9.471428571,7,both
1366,1366,1366,8/27/14,-0.7801095,2175:AL:SCAN,13.77142857,7,both
1367,1367,1367,8/27/14,0.21908268,2053:AL:SCAN,18.94285714,7,both
1368,1368,1368,12/10/14,0.03303112,2057:AL:SCAN,34.82857143,7,both
1370,1370,1370,12/10/14,-1.1663321,2177:AL:SCAN,41.94285714,7,both
1371,1371,1371,12/10/14,-0.29812235,2113:AL:SCAN,34.21428571,7,both
1372,1372,1372,12/10/14,0.13869813,2174:AL:SCAN,45.54285714,7,both
1373,1373,1373,12/10/14,-0.40158808,2055:AL:SCAN,31.4,7,both
1374,1374,1374,12/10/14,-1.3180089,2173:AL:SCAN,34.75714286,7,both
1375,1375,1375,12/10/14,-0.3731212,2180:AL:SCAN,9.142857143,7,both
1376,1376,1376,12/10/14,-0.5473885,2114:AL:SCAN,31.65714286,7,both
1378,1378,1378,12/10/14,-0.7512604,2181:AL:SCAN,14.91428571,7,both
1379,1379,1379,12/10/14,-0.12010259,2182:AL:SCAN,8.285714286,7,both
1381,1381,1381,12/10/14,-0.5203381,2056:AL:SCAN,41.97142857,7,both
1383,1383,1383,12/10/14,-0.30697513,2115:AL:SCAN,9,7,both
1384,1384,1384,12/10/14,-0.190231,2175:AL:SCAN,20.17142857,7,both
1385,1385,1385,12/10/14,0.16554643,2053:AL:SCAN,35.47142857,7,both
1386,1386,1386,7/9/14,-0.9586797,2057:AL:SCAN,17.95714286,7,both
1388,1388,1388,7/9/14,-2.2342112,2177:AL:SCAN,36.04285714,7,both
1389,1389,1389,7/9/14,-0.27512375,2113:AL:SCAN,16.97142857,7,both
1392,1392,1392,7/9/14,-1.996693,2173:AL:SCAN,13.92857143,7,both
1394,1394,1394,7/9/14,-1.4534785,2114:AL:SCAN,34.47142857,7,both
1395,1395,1395,7/9/14,-2.541349,2178:AL:SCAN,10.3,7,both
1396,1396,1396,7/9/14,-2.503691,2181:AL:SCAN,16.74285714,7,both
1399,1399,1399,7/9/14,-0.09387602,2056:AL:SCAN,24.41428571,7,both
1401,1401,1401,7/9/14,-2.3683217,2115:AL:SCAN,5.128571429,7,both
1404,1404,1404,9/17/14,1.27498,2057:AL:SCAN,21.08571429,7,both
1406,1406,1406,9/17/14,-0.21944551,2177:AL:SCAN,40.82857143,7,both
1407,1407,1407,9/17/14,2.1613064,2113:AL:SCAN,7.414285714,7,both
1410,1410,1410,9/17/14,2.071412,2173:AL:SCAN,15.52857143,7,both
1412,1412,1412,9/17/14,-0.24504685,2114:AL:SCAN,24.48571429,7,both
1413,1413,1413,9/17/14,-1.2469164,2178:AL:SCAN,11.14285714,7,both
1414,1414,1414,9/17/14,0.8868499,2181:AL:SCAN,19.54285714,7,both
1417,1417,1417,9/17/14,2.445489,2056:AL:SCAN,15.17142857,7,both
1419,1419,1419,9/17/14,0.3847567,2115:AL:SCAN,5.928571429,7,both
1422,1422,1422,7/30/14,-1.606841,2057:AL:SCAN,26.6,7,both
1424,1424,1424,7/30/14,0.18347326,2177:AL:SCAN,41.18571429,7,both
1425,1425,1425,7/30/14,-1.8429414,2113:AL:SCAN,12.31428571,7,both
1428,1428,1428,7/30/14,-1.8677409,2173:AL:SCAN,24.32857143,7,both
1430,1430,1430,7/30/14,-1.5255965,2114:AL:SCAN,31.87142857,7,both
1431,1431,1431,7/30/14,-2.1538603,2178:AL:SCAN,15.55714286,7,both
1432,1432,1432,7/30/14,-0.34668037,2181:AL:SCAN,24.97142857,7,both
1435,1435,1435,7/30/14,-1.0189549,2056:AL:SCAN,20.05714286,7,both
1437,1437,1437,7/30/14,-3.165909,2115:AL:SCAN,8.428571429,7,both
1438,1438,1438,7/30/14,-0.44634578,2175:AL:SCAN,20.37142857,7,both
1439,1439,1439,7/30/14,0.8541693,2053:AL:SCAN,17.85714286,7,both
1440,1440,1440,11/26/14,0.80893105,2057:AL:SCAN,32.68571429,7,both
1442,1442,1442,11/26/14,0.10312845,2177:AL:SCAN,44.22857143,7,both
1443,1443,1443,11/26/14,0.7280771,2113:AL:SCAN,33.77142857,7,both
1444,1444,1444,11/26/14,1.3933486,2174:AL:SCAN,46.11428571,7,both
1445,1445,1445,11/26/14,1.2351846,2055:AL:SCAN,30.02857143,7,both
1446,1446,1446,11/26/14,1.6083031,2173:AL:SCAN,32.87142857,7,both
1447,1447,1447,11/26/14,0.48001996,2180:AL:SCAN,11.7,7,both
1448,1448,1448,11/26/14,0.98757607,2114:AL:SCAN,29.61428571,7,both
1450,1450,1450,11/26/14,0.7443909,2181:AL:SCAN,25.58571429,7,both
1451,1451,1451,11/26/14,0.63398397,2182:AL:SCAN,14.08571429,7,both
1453,1453,1453,11/26/14,0.76065713,2056:AL:SCAN,37.9,7,both
1455,1455,1455,11/26/14,0.4181608,2115:AL:SCAN,10.17142857,7,both
1456,1456,1456,11/26/14,0.4677319,2175:AL:SCAN,21.51428571,7,both
1457,1457,1457,11/26/14,1.1372603,2053:AL:SCAN,33.57142857,7,both
1458,1458,1458,4/9/14,1.8837758,2057:AL:SCAN,34.62857143,7,both
1459,1459,1459,4/9/14,1.8816286,2078:AL:SCAN,29.45714286,7,both
1460,1460,1460,4/9/14,1.0056026,2177:AL:SCAN,53.91428571,7,both
1462,1462,1462,4/9/14,1.6371042,2174:AL:SCAN,56.24285714,7,both
1464,1464,1464,4/9/14,2.1877308,2173:AL:SCAN,25.81428571,7,both
1466,1466,1466,4/9/14,0.54592675,2114:AL:SCAN,40.47142857,7,both
1467,1467,1467,4/9/14,1.6332444,2178:AL:SCAN,20.62857143,7,both
1468,1468,1468,4/9/14,1.0625716,2181:AL:SCAN,30.17142857,7,both
1472,1472,1472,4/9/14,2.0305247,2179:AL:SCAN,26.12857143,7,both
1473,1473,1473,4/9/14,0.6259608,2115:AL:SCAN,19.68571429,7,both
1474,1474,1474,4/9/14,0.24958117,2175:AL:SCAN,28.77142857,7,both
1475,1475,1475,4/9/14,1.6253935,2053:AL:SCAN,35.71428571,7,both
1478,1478,1478,9/10/14,1.8778766,2177:AL:SCAN,54.51428571,7,both
1482,1482,1482,9/10/14,0.07030278,2173:AL:SCAN,17.75714286,7,both
1484,1484,1484,9/10/14,2.287963,2114:AL:SCAN,24.81428571,7,both
1485,1485,1485,9/10/14,2.1261957,2178:AL:SCAN,12.48571429,7,both
1486,1486,1486,9/10/14,1.9907975,2181:AL:SCAN,24.31428571,7,both
1489,1489,1489,9/10/14,2.2552848,2056:AL:SCAN,16.4,7,both
1491,1491,1491,9/10/14,1.5958043,2115:AL:SCAN,8.085714286,7,both
1492,1492,1492,9/10/14,0.9812201,2175:AL:SCAN,15.14285714,7,both
1494,1494,1494,8/6/14,-0.23574361,2057:AL:SCAN,17.55714286,7,both
1497,1497,1497,8/6/14,-0.6477904,2113:AL:SCAN,6.457142857,7,both
1500,1500,1500,8/6/14,-0.635282,2173:AL:SCAN,13.78571429,7,both
1502,1502,1502,8/6/14,-2.1715329,2114:AL:SCAN,28.24285714,7,both
1503,1503,1503,8/6/14,-2.6744351,2178:AL:SCAN,12.64285714,7,both
1507,1507,1507,8/6/14,-0.4321007,2056:AL:SCAN,17.91428571,7,both
1509,1509,1509,8/6/14,-2.5291998,2115:AL:SCAN,5.971428571,7,both
1511,1511,1511,8/6/14,0.6394629,2053:AL:SCAN,13.27142857,7,both
1530,1530,1530,3/19/14,0.3251655,2057:AL:SCAN,32.31428571,7,both
1532,1532,1532,3/19/14,0.61599576,2177:AL:SCAN,55.67142857,7,both
1533,1533,1533,3/19/14,0.31716892,2113:AL:SCAN,33.51428571,7,both
1534,1534,1534,3/19/14,0.84529465,2174:AL:SCAN,53.91428571,7,both
1536,1536,1536,3/19/14,1.205578,2173:AL:SCAN,23.15714286,7,both
1538,1538,1538,3/19/14,0.758891,2114:AL:SCAN,40.4,7,both
1539,1539,1539,3/19/14,0.6771349,2178:AL:SCAN,26.05714286,7,both
1540,1540,1540,3/19/14,1.6879028,2181:AL:SCAN,27.18571429,7,both
1544,1544,1544,3/19/14,1.029113,2179:AL:SCAN,24.05714286,7,both
1545,1545,1545,3/19/14,0.7043327,2115:AL:SCAN,20.52857143,7,both
1546,1546,1546,3/19/14,0.17147185,2175:AL:SCAN,27.34285714,7,both
1547,1547,1547,3/19/14,-0.44831467,2053:AL:SCAN,32.82857143,7,both
1548,1548,1548,10/15/14,1.9229392,2057:AL:SCAN,31.31428571,7,both
1550,1550,1550,10/15/14,-1.7876626,2177:AL:SCAN,37.84285714,7,both
1552,1552,1552,10/15/14,1.4282806,2174:AL:SCAN,47.12857143,7,both
1555,1555,1555,10/15/14,-2.9899974,2180:AL:SCAN,13.2,7,both
1556,1556,1556,10/15/14,0.5165428,2114:AL:SCAN,22.2,7,both
1558,1558,1558,10/15/14,0.34081063,2181:AL:SCAN,18.01428571,7,both
1559,1559,1559,10/15/14,1.371972,2182:AL:SCAN,11.42857143,7,both
1561,1561,1561,10/15/14,1.9835664,2056:AL:SCAN,33,7,both
1562,1562,1562,10/15/14,2.5760462,2179:AL:SCAN,28.01428571,7,both
1563,1563,1563,10/15/14,-0.3235133,2115:AL:SCAN,6.814285714,7,both
1564,1564,1564,10/15/14,0.1706274,2175:AL:SCAN,13.24285714,7,both
1566,1566,1566,2/19/14,-0.44069347,2057:AL:SCAN,35.65714286,7,both
1568,1568,1568,2/19/14,-0.000659985,2177:AL:SCAN,54.94285714,7,both
1569,1569,1569,2/19/14,-0.18872096,2113:AL:SCAN,36.24285714,7,both
1570,1570,1570,2/19/14,1.5719595,2174:AL:SCAN,55.4,7,both
1572,1572,1572,2/19/14,1.7867941,2173:AL:SCAN,32.92857143,7,both
1574,1574,1574,2/19/14,1.4041984,2114:AL:SCAN,40.6,7,both
1575,1575,1575,2/19/14,0.25065917,2178:AL:SCAN,27.17142857,7,both
1576,1576,1576,2/19/14,0.36450878,2181:AL:SCAN,27.87142857,7,both
1580,1580,1580,2/19/14,1.2336408,2179:AL:SCAN,28.64285714,7,both
1581,1581,1581,2/19/14,0.599025,2115:AL:SCAN,25.9,7,both
1582,1582,1582,2/19/14,0.46853653,2175:AL:SCAN,18.88571429,7,both
1583,1583,1583,2/19/14,-0.36808583,2053:AL:SCAN,37.14285714,7,both
1584,1584,1584,6/25/14,0.7428305,2057:AL:SCAN,17.85714286,7,both
1587,1587,1587,6/25/14,1.3727345,2113:AL:SCAN,23.12857143,7,both
1588,1588,1588,6/25/14,0.50631285,2174:AL:SCAN,57.47142857,7,both
1590,1590,1590,6/25/14,1.3815285,2173:AL:SCAN,11.34285714,7,both
1592,1592,1592,6/25/14,1.3958787,2114:AL:SCAN,39.11428571,7,both
1593,1593,1593,6/25/14,0.47210723,2178:AL:SCAN,12.04285714,7,both
1597,1597,1597,6/25/14,1.3480729,2056:AL:SCAN,20.78571429,7,both
1599,1599,1599,6/25/14,1.0876492,2115:AL:SCAN,8.785714286,7,both
1602,1602,1602,1/15/14,0.44938663,2057:AL:SCAN,34.68571429,7,both
1604,1604,1604,1/15/14,-0.006641489,2177:AL:SCAN,52.95714286,7,both
1605,1605,1605,1/15/14,0.14663234,2113:AL:SCAN,34.72857143,7,both
1606,1606,1606,1/15/14,-0.26705235,2174:AL:SCAN,53.92857143,7,both
1608,1608,1608,1/15/14,0.017086083,2173:AL:SCAN,32.24285714,7,both
1610,1610,1610,1/15/14,-0.6483967,2114:AL:SCAN,40.32857143,7,both
1611,1611,1611,1/15/14,0.05770225,2178:AL:SCAN,24.58571429,7,both
1612,1612,1612,1/15/14,0.20195487,2181:AL:SCAN,28.75714286,7,both
1616,1616,1616,1/15/14,0.08090894,2179:AL:SCAN,26.7,7,both
1617,1617,1617,1/15/14,0.13804603,2115:AL:SCAN,24.47142857,7,both
1618,1618,1618,1/15/14,-0.1389044,2175:AL:SCAN,22.82857143,7,both
1619,1619,1619,1/15/14,0.35360032,2053:AL:SCAN,36.91428571,7,both
1620,1620,1620,3/5/14,1.2572938,2057:AL:SCAN,32.75714286,7,both
1622,1622,1622,3/5/14,-0.19459559,2177:AL:SCAN,51.61428571,7,both
1623,1623,1623,3/5/14,1.0372094,2113:AL:SCAN,34.17142857,7,both
1624,1624,1624,3/5/14,1.3168339,2174:AL:SCAN,54,7,both
1626,1626,1626,3/5/14,2.0587394,2173:AL:SCAN,28.84285714,7,both
1628,1628,1628,3/5/14,2.1349561,2114:AL:SCAN,40.47142857,7,both
1629,1629,1629,3/5/14,0.08117558,2178:AL:SCAN,22.87142857,7,both
1630,1630,1630,3/5/14,0.26119348,2181:AL:SCAN,27.37142857,7,both
1634,1634,1634,3/5/14,0.6418988,2179:AL:SCAN,25.82857143,7,both
1635,1635,1635,3/5/14,0.023921665,2115:AL:SCAN,13.18571429,7,both
1636,1636,1636,3/5/14,-0.06845771,2175:AL:SCAN,15.7,7,both
1637,1637,1637,3/5/14,0.73315763,2053:AL:SCAN,34.78571429,7,both
1638,1638,1638,7/16/14,-1.0926162,2057:AL:SCAN,26.91428571,7,both
1640,1640,1640,7/16/14,-0.42639256,2177:AL:SCAN,24.54285714,7,both
1641,1641,1641,7/16/14,-1.9775037,2113:AL:SCAN,16.28571429,7,both
1644,1644,1644,7/16/14,-0.2805625,2173:AL:SCAN,26.07142857,7,both
1646,1646,1646,7/16/14,-0.85973746,2114:AL:SCAN,37.4,7,both
1648,1648,1648,7/16/14,-0.5113597,2181:AL:SCAN,26.65714286,7,both
1651,1651,1651,7/16/14,-1.521904,2056:AL:SCAN,26.55714286,7,both
1655,1655,1655,7/16/14,-0.27055708,2053:AL:SCAN,18.9,7,both
1656,1656,1656,12/17/14,0.16471653,2057:AL:SCAN,33.07142857,7,both
1658,1658,1658,12/17/14,-1.0283997,2177:AL:SCAN,38.08571429,7,both
1659,1659,1659,12/17/14,0.16495924,2113:AL:SCAN,33.12857143,7,both
1660,1660,1660,12/17/14,1.0540857,2174:AL:SCAN,41.71428571,7,both
1661,1661,1661,12/17/14,0.41973868,2055:AL:SCAN,29.24285714,7,both
1662,1662,1662,12/17/14,1.0597079,2173:AL:SCAN,31.82857143,7,both
1663,1663,1663,12/17/14,-0.36595938,2180:AL:SCAN,8.085714286,7,both
1664,1664,1664,12/17/14,0.6973468,2114:AL:SCAN,30.07142857,7,both
1666,1666,1666,12/17/14,-0.5084804,2181:AL:SCAN,11.24285714,7,both
1667,1667,1667,12/17/14,-0.43744892,2182:AL:SCAN,5.128571429,7,both
1669,1669,1669,12/17/14,0.12711173,2056:AL:SCAN,40.17142857,7,both
1671,1671,1671,12/17/14,-0.14874727,2115:AL:SCAN,7.4,7,both
1672,1672,1672,12/17/14,0.22666547,2175:AL:SCAN,19,7,both
1673,1673,1673,12/17/14,0.21541569,2053:AL:SCAN,34.27142857,7,both
1674,1674,1674,8/20/14,0.018103495,2057:AL:SCAN,26.61428571,7,both
1677,1677,1677,8/20/14,-0.32375786,2113:AL:SCAN,10.05714286,7,both
1680,1680,1680,8/20/14,-0.36112896,2173:AL:SCAN,28.92857143,7,both
1682,1682,1682,8/20/14,-0.6775848,2114:AL:SCAN,26.6,7,both
1683,1683,1683,8/20/14,-1.61828,2178:AL:SCAN,11.88571429,7,both
1684,1684,1684,8/20/14,-0.13426091,2181:AL:SCAN,16.17142857,7,both
1687,1687,1687,8/20/14,-0.96210533,2056:AL:SCAN,20.18571429,7,both
1689,1689,1689,8/20/14,-1.2509038,2115:AL:SCAN,8.885714286,7,both
1690,1690,1690,8/20/14,0.66823477,2175:AL:SCAN,13.64285714,7,both
1691,1691,1691,8/20/14,0.42328212,2053:AL:SCAN,16.6,7,both
1692,1692,1692,3/26/14,0.14678411,2057:AL:SCAN,33.02857143,7,both
1694,1694,1694,3/26/14,1.5785623,2177:AL:SCAN,52.92857143,7,both
1695,1695,1695,3/26/14,0.40678093,2113:AL:SCAN,33.61428571,7,both
1696,1696,1696,3/26/14,0.7365336,2174:AL:SCAN,52.88571429,7,both
1698,1698,1698,3/26/14,0.6515932,2173:AL:SCAN,23.25714286,7,both
1700,1700,1700,3/26/14,0.38733295,2114:AL:SCAN,40.18571429,7,both
1701,1701,1701,3/26/14,1.4781619,2178:AL:SCAN,21.04285714,7,both
1702,1702,1702,3/26/14,0.47736633,2181:AL:SCAN,23.95714286,7,both
1706,1706,1706,3/26/14,0.58887815,2179:AL:SCAN,25.1,7,both
1707,1707,1707,3/26/14,1.7368597,2115:AL:SCAN,14.75714286,7,both
1708,1708,1708,3/26/14,0.9906335,2175:AL:SCAN,28.14285714,7,both
1709,1709,1709,3/26/14,-0.18834735,2053:AL:SCAN,34.1,7,both
1710,1710,1710,9/24/14,-0.2750463,2057:AL:SCAN,16.28571429,7,both
1712,1712,1712,9/24/14,-0.59496534,2177:AL:SCAN,32.82857143,7,both
1713,1713,1713,9/24/14,-0.8355283,2113:AL:SCAN,9.271428571,7,both
1714,1714,1714,9/24/14,-0.8729281,2174:AL:SCAN,37.48571429,7,both
1716,1716,1716,9/24/14,0.6121569,2173:AL:SCAN,15.91428571,7,both
1717,1717,1717,9/24/14,0.77729356,2180:AL:SCAN,15.01428571,7,both
1718,1718,1718,9/24/14,-1.2083188,2114:AL:SCAN,23.32857143,7,both
1720,1720,1720,9/24/14,-0.00171635,2181:AL:SCAN,13.85714286,7,both
1721,1721,1721,9/24/14,0.9730805,2182:AL:SCAN,11.85714286,7,both
1723,1723,1723,9/24/14,-1.426456,2056:AL:SCAN,14.55714286,7,both
1724,1724,1724,9/24/14,-0.566181,2179:AL:SCAN,12.68571429,7,both
1725,1725,1725,9/24/14,-0.25135666,2115:AL:SCAN,6.057142857,7,both
1726,1726,1726,9/24/14,-0.5076535,2175:AL:SCAN,10.6,7,both
1727,1727,1727,9/24/14,-1.062375,2053:AL:SCAN,12.22857143,7,both
1728,1728,1728,7/23/14,-2.236264,2057:AL:SCAN,27.94285714,7,both
1731,1731,1731,7/23/14,-1.9497907,2113:AL:SCAN,21.65714286,7,both
1734,1734,1734,7/23/14,0.6859243,2173:AL:SCAN,28.47142857,7,both
1736,1736,1736,7/23/14,-2.6837397,2114:AL:SCAN,36.28571429,7,both
1738,1738,1738,7/23/14,0.44067183,2181:AL:SCAN,27.2,7,both
1741,1741,1741,7/23/14,-2.655159,2056:AL:SCAN,27.91428571,7,both
1746,1746,1746,11/12/14,1.2233148,2057:AL:SCAN,32.05714286,7,both
1748,1748,1748,11/12/14,0.18452868,2177:AL:SCAN,30.3,7,both
1749,1749,1749,11/12/14,0.7784971,2113:AL:SCAN,32.3,7,both
1750,1750,1750,11/12/14,0.49789712,2174:AL:SCAN,38.57142857,7,both
1751,1751,1751,11/12/14,-0.27938926,2055:AL:SCAN,25.42857143,7,both
1752,1752,1752,11/12/14,1.4122043,2173:AL:SCAN,31.91428571,7,both
1753,1753,1753,11/12/14,-0.93649995,2180:AL:SCAN,9.057142857,7,both
1754,1754,1754,11/12/14,0.54849666,2114:AL:SCAN,18.51428571,7,both
1756,1756,1756,11/12/14,-1.4394538,2181:AL:SCAN,9.614285714,7,both
1757,1757,1757,11/12/14,-0.010177274,2182:AL:SCAN,6.428571429,7,both
1759,1759,1759,11/12/14,1.0429089,2056:AL:SCAN,29.95714286,7,both
1761,1761,1761,11/12/14,0.291394,2115:AL:SCAN,4.185714286,7,both
1762,1762,1762,11/12/14,0.44002277,2175:AL:SCAN,12.1,7,both
1763,1763,1763,11/12/14,0.76039714,2053:AL:SCAN,32.11428571,7,both
1764,1764,1764,5/7/14,0.06151929,2057:AL:SCAN,35.27142857,7,both
1766,1766,1766,5/7/14,-0.7229214,2177:AL:SCAN,43.61428571,7,both
1767,1767,1767,5/7/14,-0.004588873,2113:AL:SCAN,31.75714286,7,both
1768,1768,1768,5/7/14,0.47531843,2174:AL:SCAN,53.9,7,both
1770,1770,1770,5/7/14,0.09250095,2173:AL:SCAN,19.22857143,7,both
1772,1772,1772,5/7/14,-0.81130576,2114:AL:SCAN,38.97142857,7,both
1773,1773,1773,5/7/14,0.5590213,2178:AL:SCAN,9.9,7,both
1774,1774,1774,5/7/14,1.3601676,2181:AL:SCAN,24.07142857,7,both
1777,1777,1777,5/7/14,-0.51334804,2056:AL:SCAN,29.08571429,7,both
1778,1778,1778,5/7/14,-0.8997168,2179:AL:SCAN,20.07142857,7,both
1779,1779,1779,5/7/14,-0.27315912,2115:AL:SCAN,10.24285714,7,both
1780,1780,1780,5/7/14,-0.92540514,2175:AL:SCAN,18.45714286,7,both
1781,1781,1781,5/7/14,0.074263185,2053:AL:SCAN,36.77142857,7,both
1782,1782,1782,5/28/14,1.1327684,2057:AL:SCAN,20.6,7,both
1785,1785,1785,5/28/14,0.39530617,2113:AL:SCAN,18.55714286,7,both
1786,1786,1786,5/28/14,-0.1670553,2174:AL:SCAN,53.41428571,7,both
1788,1788,1788,5/28/14,1.230969,2173:AL:SCAN,15.04285714,7,both
1790,1790,1790,5/28/14,-0.06644542,2114:AL:SCAN,30.97142857,7,both
1791,1791,1791,5/28/14,0.17547864,2178:AL:SCAN,9.957142857,7,both
1795,1795,1795,5/28/14,0.2841625,2056:AL:SCAN,18.51428571,7,both
1796,1796,1796,5/28/14,0.06000056,2179:AL:SCAN,14.3,7,both
1797,1797,1797,5/28/14,0.256838,2115:AL:SCAN,5,7,both
1799,1799,1799,5/28/14,0.7147359,2053:AL:SCAN,28.82857143,7,both
1800,1800,1800,10/29/14,-0.497315,2057:AL:SCAN,21.75714286,7,both
1802,1802,1802,10/29/14,-0.025861843,2177:AL:SCAN,37.52857143,7,both
1804,1804,1804,10/29/14,0.54995537,2174:AL:SCAN,41.14285714,7,both
1805,1805,1805,10/29/14,0.22155099,2055:AL:SCAN,19.17142857,7,both
1806,1806,1806,10/29/14,-0.02630939,2173:AL:SCAN,26.92857143,7,both
1807,1807,1807,10/29/14,-0.027200168,2180:AL:SCAN,10.62857143,7,both
1808,1808,1808,10/29/14,0.2368897,2114:AL:SCAN,22.02857143,7,both
1810,1810,1810,10/29/14,-0.05258084,2181:AL:SCAN,14.31428571,7,both
1811,1811,1811,10/29/14,0.5703054,2182:AL:SCAN,9.3,7,both
1813,1813,1813,10/29/14,-0.62390405,2056:AL:SCAN,19.45714286,7,both
1814,1814,1814,10/29/14,-0.12740834,2179:AL:SCAN,15.12857143,7,both
1815,1815,1815,10/29/14,-0.2160652,2115:AL:SCAN,6.071428571,7,both
1816,1816,1816,10/29/14,0.009503695,2175:AL:SCAN,13.71428571,7,both
1817,1817,1817,10/29/14,0.49578318,2053:AL:SCAN,25.35714286,7,both
1818,1818,1818,7/2/14,0.98082846,2057:AL:SCAN,21.34285714,7,both
1821,1821,1821,7/2/14,0.6418358,2113:AL:SCAN,31.3,7,both
1822,1822,1822,7/2/14,0.9728298,2174:AL:SCAN,57.58571429,7,both
1824,1824,1824,7/2/14,0.42777336,2173:AL:SCAN,20.3,7,both
1826,1826,1826,7/2/14,1.1429766,2114:AL:SCAN,39.72857143,7,both
1827,1827,1827,7/2/14,1.0262686,2178:AL:SCAN,13.1,7,both
1831,1831,1831,7/2/14,0.9716516,2056:AL:SCAN,38.98571429,7,both
1833,1833,1833,7/2/14,0.3197645,2115:AL:SCAN,8.471428571,7,both
1834,1834,1834,7/2/14,1.3863635,2175:AL:SCAN,15.6,7,both
1836,1836,1836,1/29/14,0.5053507,2057:AL:SCAN,28.67142857,7,both
1838,1838,1838,1/29/14,-1.7810934,2177:AL:SCAN,45.92857143,7,both
1839,1839,1839,1/29/14,1.0513433,2113:AL:SCAN,32.78571429,7,both
1840,1840,1840,1/29/14,0.40944034,2174:AL:SCAN,45.74285714,7,both
1842,1842,1842,1/29/14,-0.42028484,2173:AL:SCAN,13.65714286,7,both
1844,1844,1844,1/29/14,-0.3650192,2114:AL:SCAN,39.45714286,7,both
1845,1845,1845,1/29/14,1.2164505,2178:AL:SCAN,19.31428571,7,both
1846,1846,1846,1/29/14,-0.33655658,2181:AL:SCAN,22.52857143,7,both
1850,1850,1850,1/29/14,1.3097497,2179:AL:SCAN,23.17142857,7,both
1851,1851,1851,1/29/14,1.5649973,2115:AL:SCAN,13.61428571,7,both
1852,1852,1852,1/29/14,1.3619713,2175:AL:SCAN,11.97142857,7,both
1853,1853,1853,1/29/14,0.44607347,2053:AL:SCAN,31.34285714,7,both
1854,1854,1854,4/23/14,0.38082528,2057:AL:SCAN,35,7,both
1855,1855,1855,4/23/14,0.7241889,2078:AL:SCAN,30.77142857,7,both
1856,1856,1856,4/23/14,0.64925206,2177:AL:SCAN,54.94285714,7,both
1857,1857,1857,4/23/14,1.0895913,2113:AL:SCAN,34.57142857,7,both
1858,1858,1858,4/23/14,0.25005406,2174:AL:SCAN,53.07142857,7,both
1860,1860,1860,4/23/14,1.0645304,2173:AL:SCAN,25.31428571,7,both
1862,1862,1862,4/23/14,-0.5881631,2114:AL:SCAN,40.17142857,7,both
1864,1864,1864,4/23/14,0.04780597,2181:AL:SCAN,28.81428571,7,both
1868,1868,1868,4/23/14,-0.45934603,2179:AL:SCAN,22.55714286,7,both
1869,1869,1869,4/23/14,0.61975765,2115:AL:SCAN,20.65714286,7,both
1870,1870,1870,4/23/14,2.960004,2175:AL:SCAN,28.61428571,7,both
1871,1871,1871,4/23/14,0.3782549,2053:AL:SCAN,35.94285714,7,both
1872,1872,1872,1/1/14,0.30439708,2057:AL:SCAN,34.08571429,7,both
1874,1874,1874,1/1/14,0.8273523,2177:AL:SCAN,52.67142857,7,both
1875,1875,1875,1/1/14,0.20853053,2113:AL:SCAN,32.52857143,7,both
1876,1876,1876,1/1/14,1.2058288,2174:AL:SCAN,54.28571429,7,both
1878,1878,1878,1/1/14,0.75091684,2173:AL:SCAN,31.64285714,7,both
1885,1885,1885,1/1/14,0.07820085,2056:AL:SCAN,37.51428571,7,both
1886,1886,1886,1/1/14,0.7162884,2179:AL:SCAN,26.27142857,7,both
1887,1887,1887,1/1/14,1.4868731,2115:AL:SCAN,27.54285714,7,both
1888,1888,1888,1/1/14,1.3074692,2175:AL:SCAN,21.8,7,both
1889,1889,1889,1/1/14,1.1687303,2053:AL:SCAN,36.1,7,both
1893,1893,1893,6/11/14,1.3845369,2113:AL:SCAN,28.75714286,7,both
1898,1898,1898,6/11/14,1.2498932,2114:AL:SCAN,35.47142857,7,both
1899,1899,1899,6/11/14,1.2989658,2178:AL:SCAN,21.47142857,7,both
1900,1900,1900,6/11/14,0.99439245,2181:AL:SCAN,22.22857143,7,both
1905,1905,1905,6/11/14,1.1635057,2115:AL:SCAN,11.07142857,7,both
1907,1907,1907,6/11/14,1.616837,2053:AL:SCAN,36.24285714,7,both
11448,11448,11448,9/2/20,1.4565291,2057:AL:SCAN,33.14285714,7,both
11454,11454,11454,9/2/20,1.7043221,2173:AL:SCAN,35.24285714,7,both
11461,11461,11461,9/2/20,1.8651371,2056:AL:SCAN,33.04285714,7,both
11462,11462,11462,9/2/20,-1.4131695,2179:AL:SCAN,29.6,7,both
11466,11466,11466,12/23/20,-0.7609202,2057:AL:SCAN,33.21428571,7,both
11468,11468,11468,12/23/20,-0.37179503,2177:AL:SCAN,54.72857143,7,both
11469,11469,11469,12/23/20,-0.14073028,2113:AL:SCAN,36.25714286,7,both
11472,11472,11472,12/23/20,-0.0940591,2173:AL:SCAN,36.64285714,7,both
11473,11473,11473,12/23/20,0.6499022,2180:AL:SCAN,14.27142857,7,both
11475,11475,11475,12/23/20,-0.14979488,2178:AL:SCAN,37.05714286,7,both
11476,11476,11476,12/23/20,0.7154411,2181:AL:SCAN,31.22857143,7,both
11477,11477,11477,12/23/20,0.13795216,2182:AL:SCAN,9.6,7,both
11478,11478,11478,12/23/20,-0.33198994,2176:AL:SCAN,9.857142857,7,both
11479,11479,11479,12/23/20,-0.6024803,2056:AL:SCAN,41.28571429,7,both
11480,11480,11480,12/23/20,0.07138577,2179:AL:SCAN,33.07142857,7,both
11481,11481,11481,12/23/20,0.06277657,2115:AL:SCAN,12.24285714,7,both
11484,11484,11484,4/1/20,0.06755774,2057:AL:SCAN,29.71428571,7,both
11485,11485,11485,4/1/20,-0.7777841,2078:AL:SCAN,37.04285714,7,both
11486,11486,11486,4/1/20,-1.2215884,2177:AL:SCAN,39.14285714,7,both
11487,11487,11487,4/1/20,-0.09974705,2113:AL:SCAN,32.88571429,7,both
11488,11488,11488,4/1/20,0.8211476,2174:AL:SCAN,53.74285714,7,both
11490,11490,11490,4/1/20,1.7533414,2173:AL:SCAN,34.77142857,7,both
11491,11491,11491,4/1/20,-0.4920407,2180:AL:SCAN,5.557142857,7,both
11493,11493,11493,4/1/20,-0.6128033,2178:AL:SCAN,29.28571429,7,both
11494,11494,11494,4/1/20,-0.23422098,2181:AL:SCAN,15.24285714,7,both
11496,11496,11496,4/1/20,-0.74064094,2176:AL:SCAN,2.342857143,7,both
11497,11497,11497,4/1/20,1.2142361,2056:AL:SCAN,43.8,7,both
11498,11498,11498,4/1/20,-0.68226546,2179:AL:SCAN,34.44285714,7,both
11499,11499,11499,4/1/20,-0.91454965,2115:AL:SCAN,7.771428571,7,both
11500,11500,11500,4/1/20,1.0144497,2175:AL:SCAN,15.1,7,both
11501,11501,11501,4/1/20,0.32758203,2053:AL:SCAN,40.45714286,7,both
11502,11502,11502,8/12/20,0.039521135,2057:AL:SCAN,19,7,both
11505,11505,11505,8/12/20,0.43979168,2113:AL:SCAN,18.94285714,7,both
11508,11508,11508,8/12/20,0.08363079,2173:AL:SCAN,19.3,7,both
11509,11509,11509,8/12/20,0.40357044,2180:AL:SCAN,13.64285714,7,both
11511,11511,11511,8/12/20,-0.15074266,2178:AL:SCAN,26.45714286,7,both
11514,11514,11514,8/12/20,0.6470811,2176:AL:SCAN,5.314285714,7,both
11515,11515,11515,8/12/20,0.10577123,2056:AL:SCAN,17.52857143,7,both
11516,11516,11516,8/12/20,-0.32818452,2179:AL:SCAN,10.25714286,7,both
11517,11517,11517,8/12/20,0.32346863,2115:AL:SCAN,6.6,7,both
11520,11520,11520,12/2/20,1.0412881,2057:AL:SCAN,32.77142857,7,both
11522,11522,11522,12/2/20,-0.5523971,2177:AL:SCAN,54.9,7,both
11523,11523,11523,12/2/20,0.7535363,2113:AL:SCAN,32.41428571,7,both
11526,11526,11526,12/2/20,1.4817463,2173:AL:SCAN,32.78571429,7,both
11527,11527,11527,12/2/20,-0.7021217,2180:AL:SCAN,17.32857143,7,both
11529,11529,11529,12/2/20,-1.0292416,2178:AL:SCAN,40.38571429,7,both
11530,11530,11530,12/2/20,-0.33738983,2181:AL:SCAN,33.81428571,7,both
11531,11531,11531,12/2/20,-1.7534876,2182:AL:SCAN,6.514285714,7,both
11532,11532,11532,12/2/20,-1.4567946,2176:AL:SCAN,9.571428571,7,both
11533,11533,11533,12/2/20,0.7031654,2056:AL:SCAN,38.07142857,7,both
11534,11534,11534,12/2/20,0.73845196,2179:AL:SCAN,33.67142857,7,both
11535,11535,11535,12/2/20,-0.8052911,2115:AL:SCAN,14.72857143,7,both
11538,11538,11538,2/26/20,1.1847222,2057:AL:SCAN,32.11428571,7,both
11539,11539,11539,2/26/20,1.6978136,2078:AL:SCAN,37.37142857,7,both
11540,11540,11540,2/26/20,1.1770923,2177:AL:SCAN,54.75714286,7,both
11541,11541,11541,2/26/20,1.8208252,2113:AL:SCAN,34.64285714,7,both
11542,11542,11542,2/26/20,1.1354598,2174:AL:SCAN,53.45714286,7,both
11544,11544,11544,2/26/20,1.0025854,2173:AL:SCAN,35.55714286,7,both
11545,11545,11545,2/26/20,0.64297295,2180:AL:SCAN,21.07142857,7,both
11547,11547,11547,2/26/20,1.8100631,2178:AL:SCAN,41.25714286,7,both
11548,11548,11548,2/26/20,1.6605796,2181:AL:SCAN,31.71428571,7,both
11550,11550,11550,2/26/20,1.5036776,2176:AL:SCAN,11.75714286,7,both
11551,11551,11551,2/26/20,1.5078529,2056:AL:SCAN,46,7,both
11552,11552,11552,2/26/20,1.6241419,2179:AL:SCAN,36.44285714,7,both
11553,11553,11553,2/26/20,2.0654573,2115:AL:SCAN,31.08571429,7,both
11555,11555,11555,2/26/20,2.1239262,2053:AL:SCAN,40.54285714,7,both
11556,11556,11556,5/13/20,0.977354,2057:AL:SCAN,26.1,7,both
11557,11557,11557,5/13/20,0.25274628,2078:AL:SCAN,35.8,7,both
11558,11558,11558,5/13/20,-1.1079015,2177:AL:SCAN,27.67142857,7,both
11559,11559,11559,5/13/20,1.2025778,2113:AL:SCAN,22.4,7,both
11560,11560,11560,5/13/20,-0.10299279,2174:AL:SCAN,39.7,7,both
11562,11562,11562,5/13/20,0.6668057,2173:AL:SCAN,18.08571429,7,both
11563,11563,11563,5/13/20,-0.384937,2180:AL:SCAN,3.3,7,both
11565,11565,11565,5/13/20,-0.56648517,2178:AL:SCAN,25.12857143,7,both
11566,11566,11566,5/13/20,-2.0311909,2181:AL:SCAN,12.04285714,7,both
11568,11568,11568,5/13/20,0.103568755,2176:AL:SCAN,1.6,7,both
11569,11569,11569,5/13/20,0.7421638,2056:AL:SCAN,36.3,7,both
11570,11570,11570,5/13/20,1.0821229,2179:AL:SCAN,23.61428571,7,both
11571,11571,11571,5/13/20,-0.52610534,2115:AL:SCAN,4.342857143,7,both
11573,11573,11573,5/13/20,1.0790901,2053:AL:SCAN,26.45714286,7,both
11574,11574,11574,10/7/20,0.18272883,2057:AL:SCAN,26.97142857,7,both
11576,11576,11576,10/7/20,0.61159444,2177:AL:SCAN,48.94285714,7,both
11577,11577,11577,10/7/20,-0.21576136,2113:AL:SCAN,29.67142857,7,both
11580,11580,11580,10/7/20,0.31867293,2173:AL:SCAN,22.64285714,7,both
11581,11581,11581,10/7/20,0.6626126,2180:AL:SCAN,13.04285714,7,both
11583,11583,11583,10/7/20,1.0250751,2178:AL:SCAN,37.34285714,7,both
11586,11586,11586,10/7/20,0.7727181,2176:AL:SCAN,5.942857143,7,both
11587,11587,11587,10/7/20,0.6209099,2056:AL:SCAN,25.71428571,7,both
11588,11588,11588,10/7/20,0.21979494,2179:AL:SCAN,27.98571429,7,both
11589,11589,11589,10/7/20,0.84637386,2115:AL:SCAN,9.5,7,both
11592,11592,11592,2/5/20,0.38188836,2057:AL:SCAN,30.45714286,7,both
11593,11593,11593,2/5/20,1.0644623,2078:AL:SCAN,34.21428571,7,both
11594,11594,11594,2/5/20,0.22060113,2177:AL:SCAN,48.92857143,7,both
11595,11595,11595,2/5/20,0.24529439,2113:AL:SCAN,30.85714286,7,both
11596,11596,11596,2/5/20,-0.15516892,2174:AL:SCAN,44.28571429,7,both
11598,11598,11598,2/5/20,0.83888555,2173:AL:SCAN,32.47142857,7,both
11599,11599,11599,2/5/20,0.7061996,2180:AL:SCAN,20.38571429,7,both
11601,11601,11601,2/5/20,0.19539614,2178:AL:SCAN,35.82857143,7,both
11602,11602,11602,2/5/20,0.19778311,2181:AL:SCAN,31.22857143,7,both
11604,11604,11604,2/5/20,-0.102375165,2176:AL:SCAN,9.7,7,both
11605,11605,11605,2/5/20,-0.020930253,2056:AL:SCAN,42.94285714,7,both
11606,11606,11606,2/5/20,0.01449158,2179:AL:SCAN,35.5,7,both
11607,11607,11607,2/5/20,0.2799398,2115:AL:SCAN,11.84285714,7,both
11609,11609,11609,2/5/20,0.76156306,2053:AL:SCAN,37.98571429,7,both
11612,11612,11612,6/3/20,-0.21214701,2177:AL:SCAN,49.47142857,7,both
11613,11613,11613,6/3/20,-0.5252351,2113:AL:SCAN,29.48571429,7,both
11614,11614,11614,6/3/20,-0.16757272,2174:AL:SCAN,44.01428571,7,both
11616,11616,11616,6/3/20,-0.33586586,2173:AL:SCAN,24.22857143,7,both
11617,11617,11617,6/3/20,-0.26519644,2180:AL:SCAN,11.45714286,7,both
11619,11619,11619,6/3/20,-0.14242794,2178:AL:SCAN,36.47142857,7,both
11620,11620,11620,6/3/20,0.6180222,2181:AL:SCAN,15.34285714,7,both
11622,11622,11622,6/3/20,0.47629783,2176:AL:SCAN,6.957142857,7,both
11623,11623,11623,6/3/20,-0.06717473,2056:AL:SCAN,38.98571429,7,both
11624,11624,11624,6/3/20,-0.20945649,2179:AL:SCAN,30.5,7,both
11625,11625,11625,6/3/20,-0.1425037,2115:AL:SCAN,9.385714286,7,both
11627,11627,11627,6/3/20,0.7791074,2053:AL:SCAN,30.55714286,7,both
11628,11628,11628,3/11/20,-1.4613422,2057:AL:SCAN,30.01428571,7,both
11629,11629,11629,3/11/20,0.5390629,2078:AL:SCAN,33.91428571,7,both
11630,11630,11630,3/11/20,-0.692945,2177:AL:SCAN,53.05714286,7,both
11631,11631,11631,3/11/20,-0.37416777,2113:AL:SCAN,34.64285714,7,both
11632,11632,11632,3/11/20,-0.089573786,2174:AL:SCAN,52.82857143,7,both
11634,11634,11634,3/11/20,-0.6912286,2173:AL:SCAN,31.71428571,7,both
11635,11635,11635,3/11/20,-0.90727085,2180:AL:SCAN,11.25714286,7,both
11637,11637,11637,3/11/20,-0.17955278,2178:AL:SCAN,40.52857143,7,both
11638,11638,11638,3/11/20,-0.5362413,2181:AL:SCAN,29.9,7,both
11640,11640,11640,3/11/20,-0.06324504,2176:AL:SCAN,9.742857143,7,both
11641,11641,11641,3/11/20,-1.115369,2056:AL:SCAN,44,7,both
11642,11642,11642,3/11/20,-0.31287634,2179:AL:SCAN,36.27142857,7,both
11643,11643,11643,3/11/20,-0.12096962,2115:AL:SCAN,25.11428571,7,both
11645,11645,11645,3/11/20,-0.7334934,2053:AL:SCAN,39.4,7,both
11646,11646,11646,7/29/20,0.49529532,2057:AL:SCAN,25.8,7,both
11649,11649,11649,7/29/20,0.6105208,2113:AL:SCAN,29.95714286,7,both
11652,11652,11652,7/29/20,1.3979108,2173:AL:SCAN,28.92857143,7,both
11655,11655,11655,7/29/20,1.0026808,2178:AL:SCAN,33.8,7,both
11658,11658,11658,7/29/20,0.20478542,2176:AL:SCAN,8.571428571,7,both
11660,11660,11660,7/29/20,0.95881486,2179:AL:SCAN,13.61428571,7,both
11661,11661,11661,7/29/20,1.0057226,2115:AL:SCAN,10.7,7,both
11664,11664,11664,9/16/20,0.38955685,2057:AL:SCAN,23.07142857,7,both
11666,11666,11666,9/16/20,0.9035031,2177:AL:SCAN,33.05714286,7,both
11667,11667,11667,9/16/20,0.8410064,2113:AL:SCAN,22.67142857,7,both
11671,11671,11671,9/16/20,-1.1119814,2180:AL:SCAN,14.47142857,7,both
11673,11673,11673,9/16/20,0.70956415,2178:AL:SCAN,37.04285714,7,both
11677,11677,11677,9/16/20,0.3831423,2056:AL:SCAN,19,7,both
11678,11678,11678,9/16/20,1.2809435,2179:AL:SCAN,21.8,7,both
11682,11682,11682,7/8/20,0.29531622,2057:AL:SCAN,26.7,7,both
11685,11685,11685,7/8/20,0.4400595,2113:AL:SCAN,30.54285714,7,both
11686,11686,11686,7/8/20,1.3509694,2174:AL:SCAN,48.85714286,7,both
11688,11688,11688,7/8/20,0.08498277,2173:AL:SCAN,30.65714286,7,both
11691,11691,11691,7/8/20,-0.4130626,2178:AL:SCAN,32.05714286,7,both
11695,11695,11695,7/8/20,0.98989874,2056:AL:SCAN,36.48571429,7,both
11697,11697,11697,7/8/20,0.10355909,2115:AL:SCAN,11.84285714,7,both
11700,11700,11700,12/9/20,0.8510635,2057:AL:SCAN,32.57142857,7,both
11702,11702,11702,12/9/20,0.6095952,2177:AL:SCAN,50.47142857,7,both
11703,11703,11703,12/9/20,0.37915158,2113:AL:SCAN,34.75714286,7,both
11707,11707,11707,12/9/20,0.080645844,2180:AL:SCAN,14.91428571,7,both
11709,11709,11709,12/9/20,0.48257473,2178:AL:SCAN,36.77142857,7,both
11710,11710,11710,12/9/20,0.2662513,2181:AL:SCAN,31.97142857,7,both
11711,11711,11711,12/9/20,-0.22332466,2182:AL:SCAN,9.342857143,7,both
11712,11712,11712,12/9/20,0.27663407,2176:AL:SCAN,8.271428571,7,both
11713,11713,11713,12/9/20,1.6815697,2056:AL:SCAN,37.85714286,7,both
11715,11715,11715,12/9/20,0.36890194,2115:AL:SCAN,12.24285714,7,both
11718,11718,11718,8/26/20,1.1670941,2057:AL:SCAN,18.27142857,7,both
11721,11721,11721,8/26/20,0.47396967,2113:AL:SCAN,7.971428571,7,both
11724,11724,11724,8/26/20,-0.7271396,2173:AL:SCAN,28.55714286,7,both
11727,11727,11727,8/26/20,1.8918544,2178:AL:SCAN,40.08571429,7,both
11730,11730,11730,8/26/20,1.2643266,2176:AL:SCAN,8.942857143,7,both
11731,11731,11731,8/26/20,0.79046565,2056:AL:SCAN,17.98571429,7,both
11733,11733,11733,8/26/20,0.49552074,2115:AL:SCAN,13.1,7,both
11736,11736,11736,1/8/20,0.1909695,2057:AL:SCAN,32.01428571,7,both
11737,11737,11737,1/8/20,0.37915662,2078:AL:SCAN,37.42857143,7,both
11738,11738,11738,1/8/20,0.05353217,2177:AL:SCAN,49.41428571,7,both
11739,11739,11739,1/8/20,-0.38932726,2113:AL:SCAN,33.88571429,7,both
11740,11740,11740,1/8/20,-0.7568833,2174:AL:SCAN,50.84285714,7,both
11742,11742,11742,1/8/20,0.08887186,2173:AL:SCAN,34.97142857,7,both
11743,11743,11743,1/8/20,0.63968015,2180:AL:SCAN,19.84285714,7,both
11745,11745,11745,1/8/20,-0.67987484,2178:AL:SCAN,36.25714286,7,both
11746,11746,11746,1/8/20,-0.5852155,2181:AL:SCAN,31.48571429,7,both
11748,11748,11748,1/8/20,-0.22117065,2176:AL:SCAN,10.75714286,7,both
11749,11749,11749,1/8/20,0.23562388,2056:AL:SCAN,44.7,7,both
11750,11750,11750,1/8/20,0.084500745,2179:AL:SCAN,36.77142857,7,both
11751,11751,11751,1/8/20,-0.43870276,2115:AL:SCAN,23.17142857,7,both
11753,11753,11753,1/8/20,-0.007586942,2053:AL:SCAN,40.37142857,7,both
11754,11754,11754,4/29/20,1.1983018,2057:AL:SCAN,31.4,7,both
11755,11755,11755,4/29/20,1.2442921,2078:AL:SCAN,38.58571429,7,both
11756,11756,11756,4/29/20,-0.1775806,2177:AL:SCAN,46.25714286,7,both
11757,11757,11757,4/29/20,1.7942061,2113:AL:SCAN,30.75714286,7,both
11758,11758,11758,4/29/20,0.6709361,2174:AL:SCAN,49.38571429,7,both
11760,11760,11760,4/29/20,2.6766071,2173:AL:SCAN,32.31428571,7,both
11761,11761,11761,4/29/20,-0.6969493,2180:AL:SCAN,7.585714286,7,both
11764,11764,11764,4/29/20,-0.3267497,2181:AL:SCAN,25.1,7,both
11766,11766,11766,4/29/20,0.37741646,2176:AL:SCAN,7.414285714,7,both
11767,11767,11767,4/29/20,1.7811737,2056:AL:SCAN,42.11428571,7,both
11768,11768,11768,4/29/20,0.7271065,2179:AL:SCAN,33,7,both
11769,11769,11769,4/29/20,0.12947254,2115:AL:SCAN,16.58571429,7,both
11770,11770,11770,4/29/20,0.23370679,2175:AL:SCAN,8.628571429,7,both
11771,11771,11771,4/29/20,1.6447048,2053:AL:SCAN,28,7,both
11774,11774,11774,2/12/20,-0.27293947,2177:AL:SCAN,54.04285714,7,both
11776,11776,11776,2/12/20,-0.77925146,2174:AL:SCAN,53.81428571,7,both
11778,11778,11778,2/12/20,-0.26805422,2173:AL:SCAN,38.78571429,7,both
11779,11779,11779,2/12/20,-0.4681808,2180:AL:SCAN,22.25714286,7,both
11781,11781,11781,2/12/20,-1.1885625,2178:AL:SCAN,42.27142857,7,both
11782,11782,11782,2/12/20,-0.84147197,2181:AL:SCAN,32.8,7,both
11784,11784,11784,2/12/20,-0.44388068,2176:AL:SCAN,13.4,7,both
11785,11785,11785,2/12/20,-1.025739,2056:AL:SCAN,45.97142857,7,both
11786,11786,11786,2/12/20,-1.0620114,2179:AL:SCAN,36.97142857,7,both
11787,11787,11787,2/12/20,0.40702683,2115:AL:SCAN,32.67142857,7,both
11790,11790,11790,11/18/20,-1.2601651,2057:AL:SCAN,22.97142857,7,both
11792,11792,11792,11/18/20,-1.1562316,2177:AL:SCAN,43.05714286,7,both
11793,11793,11793,11/18/20,-0.95684487,2113:AL:SCAN,31.87142857,7,both
11796,11796,11796,11/18/20,-1.2678614,2173:AL:SCAN,27.18571429,7,both
11797,11797,11797,11/18/20,-1.6878757,2180:AL:SCAN,10.58571429,7,both
11799,11799,11799,11/18/20,-0.37188002,2178:AL:SCAN,35.91428571,7,both
11800,11800,11800,11/18/20,-1.6773839,2181:AL:SCAN,24.72857143,7,both
11801,11801,11801,11/18/20,-1.6409781,2182:AL:SCAN,8.214285714,7,both
11802,11802,11802,11/18/20,-1.6726221,2176:AL:SCAN,4.442857143,7,both
11803,11803,11803,11/18/20,-1.3192894,2056:AL:SCAN,30.72857143,7,both
11804,11804,11804,11/18/20,-0.9811223,2179:AL:SCAN,31.17142857,7,both
11805,11805,11805,11/18/20,-1.1421826,2115:AL:SCAN,6.628571429,7,both
11808,11808,11808,11/4/20,-1.396581,2057:AL:SCAN,30.81428571,7,both
11810,11810,11810,11/4/20,-1.6272572,2177:AL:SCAN,53.04285714,7,both
11811,11811,11811,11/4/20,-1.2112302,2113:AL:SCAN,34.1,7,both
11814,11814,11814,11/4/20,-0.58448726,2173:AL:SCAN,27.97142857,7,both
11815,11815,11815,11/4/20,-1.0437266,2180:AL:SCAN,14.88571429,7,both
11817,11817,11817,11/4/20,-1.6189743,2178:AL:SCAN,39.38571429,7,both
11818,11818,11818,11/4/20,-1.735137,2181:AL:SCAN,32.58571429,7,both
11819,11819,11819,11/4/20,-0.5908502,2182:AL:SCAN,8.842857143,7,both
11820,11820,11820,11/4/20,-0.21834545,2176:AL:SCAN,8.6,7,both
11821,11821,11821,11/4/20,-0.8100609,2056:AL:SCAN,38.27142857,7,both
11822,11822,11822,11/4/20,0.5500749,2179:AL:SCAN,32.7,7,both
11823,11823,11823,11/4/20,-1.2130004,2115:AL:SCAN,11.88571429,7,both
11826,11826,11826,9/30/20,-0.008021239,2057:AL:SCAN,32.62857143,7,both
11828,11828,11828,9/30/20,0.74150413,2177:AL:SCAN,50.57142857,7,both
11829,11829,11829,9/30/20,0.3427523,2113:AL:SCAN,31.15714286,7,both
11833,11833,11833,9/30/20,-0.81344444,2180:AL:SCAN,16.92857143,7,both
11835,11835,11835,9/30/20,0.7704843,2178:AL:SCAN,40.01428571,7,both
11838,11838,11838,9/30/20,0.48613816,2176:AL:SCAN,7.214285714,7,both
11839,11839,11839,9/30/20,-0.42476788,2056:AL:SCAN,32.84285714,7,both
11840,11840,11840,9/30/20,-0.29049036,2179:AL:SCAN,33.57142857,7,both
11841,11841,11841,9/30/20,0.46782732,2115:AL:SCAN,13.47142857,7,both
11844,11844,11844,4/15/20,-0.83798987,2057:AL:SCAN,31.12857143,7,both
11845,11845,11845,4/15/20,-0.10517227,2078:AL:SCAN,34.77142857,7,both
11846,11846,11846,4/15/20,-0.554759,2177:AL:SCAN,36.92857143,7,both
11847,11847,11847,4/15/20,0.14164004,2113:AL:SCAN,29.05714286,7,both
11848,11848,11848,4/15/20,1.3866347,2174:AL:SCAN,51.81428571,7,both
11850,11850,11850,4/15/20,0.33485624,2173:AL:SCAN,32.05714286,7,both
11851,11851,11851,4/15/20,0.4432121,2180:AL:SCAN,7.9,7,both
11853,11853,11853,4/15/20,0.3420069,2178:AL:SCAN,31.51428571,7,both
11854,11854,11854,4/15/20,-1.782174,2181:AL:SCAN,20.2,7,both
11856,11856,11856,4/15/20,0.18200168,2176:AL:SCAN,4.1,7,both
11857,11857,11857,4/15/20,0.3844802,2056:AL:SCAN,42.52857143,7,both
11858,11858,11858,4/15/20,0.52270305,2179:AL:SCAN,32.95714286,7,both
11859,11859,11859,4/15/20,0.06677177,2115:AL:SCAN,7.9,7,both
11861,11861,11861,4/15/20,-1.13253,2053:AL:SCAN,38.38571429,7,both
11862,11862,11862,6/17/20,-1.2785392,2057:AL:SCAN,20.01428571,7,both
11864,11864,11864,6/17/20,-0.7225223,2177:AL:SCAN,44.68571429,7,both
11865,11865,11865,6/17/20,-1.4654833,2113:AL:SCAN,21.17142857,7,both
11868,11868,11868,6/17/20,-0.9032164,2173:AL:SCAN,20,7,both
11869,11869,11869,6/17/20,-0.3143124,2180:AL:SCAN,12.67142857,7,both
11871,11871,11871,6/17/20,-0.56662774,2178:AL:SCAN,35.51428571,7,both
11874,11874,11874,6/17/20,-0.7502241,2176:AL:SCAN,6.2,7,both
11875,11875,11875,6/17/20,-1.4615312,2056:AL:SCAN,27.87142857,7,both
11876,11876,11876,6/17/20,-1.462612,2179:AL:SCAN,23.51428571,7,both
11877,11877,11877,6/17/20,-0.5002566,2115:AL:SCAN,6.342857143,7,both
11880,11880,11880,5/20/20,1.8366921,2057:AL:SCAN,27.34285714,7,both
11882,11882,11882,5/20/20,-2.0079582,2177:AL:SCAN,33.25714286,7,both
11883,11883,11883,5/20/20,-0.90162486,2113:AL:SCAN,22.4,7,both
11887,11887,11887,5/20/20,1.5261159,2180:AL:SCAN,9.271428571,7,both
11889,11889,11889,5/20/20,-2.3265936,2178:AL:SCAN,25.05714286,7,both
11892,11892,11892,5/20/20,-0.66669965,2176:AL:SCAN,0.628571429,7,both
11894,11894,11894,5/20/20,-0.08842015,2179:AL:SCAN,17.37142857,7,both
11895,11895,11895,5/20/20,-2.370433,2115:AL:SCAN,4.457142857,7,both
11897,11897,11897,5/20/20,0.49433044,2053:AL:SCAN,34.41428571,7,both
11898,11898,11898,1/22/20,-1.2044364,2057:AL:SCAN,30.9,7,both
11899,11899,11899,1/22/20,-1.0789071,2078:AL:SCAN,36.15714286,7,both
11900,11900,11900,1/22/20,-0.97980815,2177:AL:SCAN,49.61428571,7,both
11901,11901,11901,1/22/20,-1.4326005,2113:AL:SCAN,33.14285714,7,both
11902,11902,11902,1/22/20,-0.27461752,2174:AL:SCAN,51.15714286,7,both
11904,11904,11904,1/22/20,-1.6473911,2173:AL:SCAN,34.1,7,both
11905,11905,11905,1/22/20,0.1258721,2180:AL:SCAN,21.31428571,7,both
11907,11907,11907,1/22/20,-0.3298356,2178:AL:SCAN,36.78571429,7,both
11908,11908,11908,1/22/20,-0.8428398,2181:AL:SCAN,31.48571429,7,both
11910,11910,11910,1/22/20,-0.9223624,2176:AL:SCAN,9.9,7,both
11911,11911,11911,1/22/20,-1.8274618,2056:AL:SCAN,43.28571429,7,both
11912,11912,11912,1/22/20,-1.4288568,2179:AL:SCAN,36.51428571,7,both
11913,11913,11913,1/22/20,-0.55212814,2115:AL:SCAN,22.98571429,7,both
11915,11915,11915,1/22/20,-0.96374035,2053:AL:SCAN,40.27142857,7,both
11916,11916,11916,10/21/20,0.9934187,2057:AL:SCAN,26.04285714,7,both
11918,11918,11918,10/21/20,-0.2462585,2177:AL:SCAN,47.58571429,7,both
11919,11919,11919,10/21/20,0.45443025,2113:AL:SCAN,28.88571429,7,both
11922,11922,11922,10/21/20,0.2662569,2173:AL:SCAN,23.2,7,both
11923,11923,11923,10/21/20,0.8721541,2180:AL:SCAN,12.37142857,7,both
11925,11925,11925,10/21/20,0.49205416,2178:AL:SCAN,36.71428571,7,both
11928,11928,11928,10/21/20,0.54239905,2176:AL:SCAN,6.142857143,7,both
11929,11929,11929,10/21/20,0.7111203,2056:AL:SCAN,27.78571429,7,both
11930,11930,11930,10/21/20,0.079542294,2179:AL:SCAN,27.94285714,7,both
11931,11931,11931,10/21/20,0.50228566,2115:AL:SCAN,9.971428571,7,both
11936,11936,11936,5/27/20,0.8556586,2177:AL:SCAN,48.32857143,7,both
11937,11937,11937,5/27/20,0.8728367,2113:AL:SCAN,30.15714286,7,both
11938,11938,11938,5/27/20,1.7262791,2174:AL:SCAN,47.75714286,7,both
11940,11940,11940,5/27/20,1.4861251,2173:AL:SCAN,21.74285714,7,both
11941,11941,11941,5/27/20,1.2621639,2180:AL:SCAN,14.07142857,7,both
11943,11943,11943,5/27/20,2.3461213,2178:AL:SCAN,28.95714286,7,both
11944,11944,11944,5/27/20,0.822184,2181:AL:SCAN,13.78571429,7,both
11946,11946,11946,5/27/20,0.08122743,2176:AL:SCAN,6.2,7,both
11947,11947,11947,5/27/20,1.6281266,2056:AL:SCAN,40.01428571,7,both
11949,11949,11949,5/27/20,2.3419216,2115:AL:SCAN,7.914285714,7,both
11951,11951,11951,5/27/20,1.5326658,2053:AL:SCAN,26.54285714,7,both
11952,11952,11952,5/6/20,0.33159718,2057:AL:SCAN,27.01428571,7,both
11953,11953,11953,5/6/20,-0.48704618,2078:AL:SCAN,33.02857143,7,both
11954,11954,11954,5/6/20,-0.8638592,2177:AL:SCAN,37,7,both
11955,11955,11955,5/6/20,0.84477127,2113:AL:SCAN,23.82857143,7,both
11956,11956,11956,5/6/20,-0.4232561,2174:AL:SCAN,42.72857143,7,both
11958,11958,11958,5/6/20,0.1581653,2173:AL:SCAN,21.88571429,7,both
11959,11959,11959,5/6/20,-0.7108393,2180:AL:SCAN,6.928571429,7,both
11962,11962,11962,5/6/20,-0.7466817,2181:AL:SCAN,18.68571429,7,both
11964,11964,11964,5/6/20,-0.07746828,2176:AL:SCAN,3.357142857,7,both
11965,11965,11965,5/6/20,0.11845095,2056:AL:SCAN,35.3,7,both
11966,11966,11966,5/6/20,-0.045860544,2179:AL:SCAN,23.72857143,7,both
11967,11967,11967,5/6/20,-0.41887343,2115:AL:SCAN,9,7,both
11969,11969,11969,5/6/20,-0.34013098,2053:AL:SCAN,28.68571429,7,both
11988,11988,11988,10/28/20,2.8689766,2057:AL:SCAN,26.78571429,7,both
11994,11994,11994,10/28/20,0.88304174,2173:AL:SCAN,21.15714286,7,both
11995,11995,11995,10/28/20,0.97577196,2180:AL:SCAN,13.62857143,7,both
11997,11997,11997,10/28/20,2.0442119,2178:AL:SCAN,38.67142857,7,both
11998,11998,11998,10/28/20,0.45673892,2181:AL:SCAN,26.44285714,7,both
11999,11999,11999,10/28/20,0.70571554,2182:AL:SCAN,7.385714286,7,both
12000,12000,12000,10/28/20,0.24448332,2176:AL:SCAN,7.414285714,7,both
12001,12001,12001,10/28/20,1.7399526,2056:AL:SCAN,30.64285714,7,both
12002,12002,12002,10/28/20,1.5019606,2179:AL:SCAN,30.67142857,7,both
12003,12003,12003,10/28/20,1.6202277,2115:AL:SCAN,10.92857143,7,both
12008,12008,12008,6/10/20,1.4727578,2177:AL:SCAN,47.7,7,both
12012,12012,12012,6/10/20,-0.63214326,2173:AL:SCAN,23.97142857,7,both
12015,12015,12015,6/10/20,0.13376063,2178:AL:SCAN,32.62857143,7,both
12019,12019,12019,6/10/20,0.7843227,2056:AL:SCAN,32.52857143,7,both
12020,12020,12020,6/10/20,-2.4776144,2179:AL:SCAN,29.52857143,7,both
12021,12021,12021,6/10/20,1.3814198,2115:AL:SCAN,5.714285714,7,both
12024,12024,12024,1/1/20,-0.3465227,2057:AL:SCAN,30.58571429,7,both
12025,12025,12025,1/1/20,-1.3905675,2078:AL:SCAN,35.02857143,7,both
12026,12026,12026,1/1/20,-0.59410745,2177:AL:SCAN,47.91428571,7,both
12027,12027,12027,1/1/20,-1.529053,2113:AL:SCAN,32.67142857,7,both
12028,12028,12028,1/1/20,-0.4861835,2174:AL:SCAN,52.54285714,7,both
12030,12030,12030,1/1/20,-1.3535511,2173:AL:SCAN,34.35714286,7,both
12031,12031,12031,1/1/20,0.2535098,2180:AL:SCAN,19.6,7,both
12033,12033,12033,1/1/20,-0.9164845,2178:AL:SCAN,34.95714286,7,both
12034,12034,12034,1/1/20,0.18772411,2181:AL:SCAN,27.32857143,7,both
12036,12036,12036,1/1/20,0.004590342,2176:AL:SCAN,10.35714286,7,both
12037,12037,12037,1/1/20,-0.18720269,2056:AL:SCAN,43.91428571,7,both
12038,12038,12038,1/1/20,-0.53955346,2179:AL:SCAN,34.57142857,7,both
12039,12039,12039,1/1/20,-1.1634977,2115:AL:SCAN,20.5,7,both
12041,12041,12041,1/1/20,-1.1661953,2053:AL:SCAN,40.01428571,7,both
12042,12042,12042,4/22/20,-1.0661883,2057:AL:SCAN,30.12857143,7,both
12043,12043,12043,4/22/20,0.24410297,2078:AL:SCAN,35.67142857,7,both
12044,12044,12044,4/22/20,0.15925103,2177:AL:SCAN,42.04285714,7,both
12045,12045,12045,4/22/20,-1.3308519,2113:AL:SCAN,31.27142857,7,both
12046,12046,12046,4/22/20,-0.29399356,2174:AL:SCAN,48.42857143,7,both
12048,12048,12048,4/22/20,0.40810812,2173:AL:SCAN,31.12857143,7,both
12049,12049,12049,4/22/20,0.035703424,2180:AL:SCAN,8.914285714,7,both
12052,12052,12052,4/22/20,-2.4398642,2181:AL:SCAN,17.04285714,7,both
12054,12054,12054,4/22/20,-0.49296203,2176:AL:SCAN,6.585714286,7,both
12055,12055,12055,4/22/20,-0.31797484,2056:AL:SCAN,42.74285714,7,both
12056,12056,12056,4/22/20,-1.7655599,2179:AL:SCAN,31.87142857,7,both
12057,12057,12057,4/22/20,0.3242537,2115:AL:SCAN,17.47142857,7,both
12058,12058,12058,4/22/20,0.592885,2175:AL:SCAN,7.371428571,7,both
12059,12059,12059,4/22/20,-0.21511875,2053:AL:SCAN,39.87142857,7,both
12060,12060,12060,1/29/20,1.1213357,2057:AL:SCAN,31.52857143,7,both
12061,12061,12061,1/29/20,0.5099396,2078:AL:SCAN,35.61428571,7,both
12062,12062,12062,1/29/20,1.569682,2177:AL:SCAN,49.27142857,7,both
12063,12063,12063,1/29/20,0.83884865,2113:AL:SCAN,32.9,7,both
12064,12064,12064,1/29/20,0.53559095,2174:AL:SCAN,49.78571429,7,both
12066,12066,12066,1/29/20,1.1082953,2173:AL:SCAN,33.58571429,7,both
12067,12067,12067,1/29/20,1.5058222,2180:AL:SCAN,20.11428571,7,both
12069,12069,12069,1/29/20,1.224033,2178:AL:SCAN,36.85714286,7,both
12070,12070,12070,1/29/20,0.8325029,2181:AL:SCAN,31.61428571,7,both
12072,12072,12072,1/29/20,1.1465812,2176:AL:SCAN,10.48571429,7,both
12073,12073,12073,1/29/20,0.38436726,2056:AL:SCAN,44.57142857,7,both
12074,12074,12074,1/29/20,0.6848326,2179:AL:SCAN,36.38571429,7,both
12075,12075,12075,1/29/20,0.9160819,2115:AL:SCAN,14.38571429,7,both
12077,12077,12077,1/29/20,1.4298409,2053:AL:SCAN,39.88571429,7,both
12078,12078,12078,12/30/20,-0.77174383,2057:AL:SCAN,31.18571429,7,both
12080,12080,12080,12/30/20,0.2661877,2177:AL:SCAN,55.57142857,7,both
12081,12081,12081,12/30/20,-1.011701,2113:AL:SCAN,36.45714286,7,both
12084,12084,12084,12/30/20,-1,2173:AL:SCAN,36.72857143,7,both
12085,12085,12085,12/30/20,-0.9999982,2180:AL:SCAN,14.8,7,both
12087,12087,12087,12/30/20,0.25111046,2178:AL:SCAN,38.68571429,7,both
12088,12088,12088,12/30/20,-1.4140766,2181:AL:SCAN,32.81428571,7,both
12089,12089,12089,12/30/20,-1,2182:AL:SCAN,9.271428571,7,both
12090,12090,12090,12/30/20,-0.84239364,2176:AL:SCAN,8.914285714,7,both
12091,12091,12091,12/30/20,-1.1244504,2056:AL:SCAN,42.17142857,7,both
12092,12092,12092,12/30/20,-0.52843827,2179:AL:SCAN,33.11428571,7,both
12093,12093,12093,12/30/20,0.047133468,2115:AL:SCAN,13.48571429,7,both
12096,12096,12096,8/5/20,-1.2664601,2057:AL:SCAN,29.78571429,7,both
12098,12098,12098,8/5/20,0.098009005,2177:AL:SCAN,38.47142857,7,both
12099,12099,12099,8/5/20,-0.33880296,2113:AL:SCAN,29.6,7,both
12100,12100,12100,8/5/20,-0.12590511,2174:AL:SCAN,40.54285714,7,both
12103,12103,12103,8/5/20,-0.41644284,2180:AL:SCAN,16.34285714,7,both
12105,12105,12105,8/5/20,-0.6758094,2178:AL:SCAN,34.47142857,7,both
12108,12108,12108,8/5/20,0.27219626,2176:AL:SCAN,7.557142857,7,both
12109,12109,12109,8/5/20,-0.09396332,2056:AL:SCAN,20.17142857,7,both
12110,12110,12110,8/5/20,0.5298343,2179:AL:SCAN,12.7,7,both
12111,12111,12111,8/5/20,0.14125247,2115:AL:SCAN,11.6,7,both
12114,12114,12114,9/9/20,1.0746977,2057:AL:SCAN,29.84285714,7,both
12116,12116,12116,9/9/20,0.4748055,2177:AL:SCAN,35.88571429,7,both
12121,12121,12121,9/9/20,0.009277448,2180:AL:SCAN,13.44285714,7,both
12123,12123,12123,9/9/20,0.8553062,2178:AL:SCAN,36.41428571,7,both
12126,12126,12126,9/9/20,0.25128385,2176:AL:SCAN,3.9,7,both
12127,12127,12127,9/9/20,0.2722861,2056:AL:SCAN,25.42857143,7,both
12128,12128,12128,9/9/20,0.75291705,2179:AL:SCAN,28.02857143,7,both
12129,12129,12129,9/9/20,0.07362364,2115:AL:SCAN,7.914285714,7,both
12132,12132,12132,4/8/20,0.01741928,2057:AL:SCAN,24.75714286,7,both
12133,12133,12133,4/8/20,0.9998677,2078:AL:SCAN,32.72857143,7,both
12134,12134,12134,4/8/20,-0.80752087,2177:AL:SCAN,31.17142857,7,both
12135,12135,12135,4/8/20,1.7457398,2113:AL:SCAN,29.54285714,7,both
12136,12136,12136,4/8/20,0.46147802,2174:AL:SCAN,49.41428571,7,both
12138,12138,12138,4/8/20,1.4771981,2173:AL:SCAN,28.5,7,both
12139,12139,12139,4/8/20,1.2633218,2180:AL:SCAN,4.285714286,7,both
12141,12141,12141,4/8/20,0.2410565,2178:AL:SCAN,25.81428571,7,both
12142,12142,12142,4/8/20,0.097597085,2181:AL:SCAN,24.24285714,7,both
12144,12144,12144,4/8/20,1.1345778,2176:AL:SCAN,1.985714286,7,both
12145,12145,12145,4/8/20,1.4107636,2056:AL:SCAN,41.37142857,7,both
12146,12146,12146,4/8/20,1.2163846,2179:AL:SCAN,32.61428571,7,both
12147,12147,12147,4/8/20,0.38260847,2115:AL:SCAN,4.585714286,7,both
12148,12148,12148,4/8/20,1.2423003,2175:AL:SCAN,6.542857143,7,both
12149,12149,12149,4/8/20,1.0318743,2053:AL:SCAN,39.48571429,7,both
12150,12150,12150,11/25/20,-0.8709443,2057:AL:SCAN,20.58571429,7,both
12152,12152,12152,11/25/20,-0.4227395,2177:AL:SCAN,33.27142857,7,both
12153,12153,12153,11/25/20,-0.6124044,2113:AL:SCAN,28.78571429,7,both
12156,12156,12156,11/25/20,-1.34702,2173:AL:SCAN,30.27142857,7,both
12157,12157,12157,11/25/20,-0.58691806,2180:AL:SCAN,8.571428571,7,both
12159,12159,12159,11/25/20,-0.15096068,2178:AL:SCAN,33.35714286,7,both
12160,12160,12160,11/25/20,-0.5157101,2181:AL:SCAN,20.31428571,7,both
12161,12161,12161,11/25/20,-0.6891883,2182:AL:SCAN,5.285714286,7,both
12162,12162,12162,11/25/20,-1.0640823,2176:AL:SCAN,2.742857143,7,both
12163,12163,12163,11/25/20,-0.5170602,2056:AL:SCAN,28.08571429,7,both
12164,12164,12164,11/25/20,-0.95796233,2179:AL:SCAN,27.35714286,7,both
12165,12165,12165,11/25/20,-0.3644673,2115:AL:SCAN,5.171428571,7,both
12168,12168,12168,2/19/20,1.8134366,2057:AL:SCAN,31.47142857,7,both
12169,12169,12169,2/19/20,1.3596767,2078:AL:SCAN,39.41428571,7,both
12170,12170,12170,2/19/20,-0.10349546,2177:AL:SCAN,54.48571429,7,both
12171,12171,12171,2/19/20,1.2708524,2113:AL:SCAN,34.94285714,7,both
12172,12172,12172,2/19/20,0.5204494,2174:AL:SCAN,54.54285714,7,both
12174,12174,12174,2/19/20,-0.8993045,2173:AL:SCAN,35.81428571,7,both
12175,12175,12175,2/19/20,-0.28929436,2180:AL:SCAN,20.7,7,both
12177,12177,12177,2/19/20,-0.27669102,2178:AL:SCAN,39.38571429,7,both
12178,12178,12178,2/19/20,-0.46909106,2181:AL:SCAN,31.97142857,7,both
12180,12180,12180,2/19/20,-0.25476444,2176:AL:SCAN,11.88571429,7,both
12181,12181,12181,2/19/20,1.6300675,2056:AL:SCAN,44.6,7,both
12182,12182,12182,2/19/20,0.8658486,2179:AL:SCAN,36.6,7,both
12183,12183,12183,2/19/20,-0.38598624,2115:AL:SCAN,24.38571429,7,both
12185,12185,12185,2/19/20,1.6678412,2053:AL:SCAN,40.41428571,7,both
12186,12186,12186,10/14/20,0.68475837,2057:AL:SCAN,31.42857143,7,both
12188,12188,12188,10/14/20,0.10101261,2177:AL:SCAN,51.24285714,7,both
12189,12189,12189,10/14/20,1.7663226,2113:AL:SCAN,30.28571429,7,both
12192,12192,12192,10/14/20,1.1474663,2173:AL:SCAN,26.34285714,7,both
12193,12193,12193,10/14/20,-0.638199,2180:AL:SCAN,13.95714286,7,both
12195,12195,12195,10/14/20,-0.002283184,2178:AL:SCAN,38.87142857,7,both
12198,12198,12198,10/14/20,-2.2146285,2176:AL:SCAN,7.714285714,7,both
12199,12199,12199,10/14/20,0.5180677,2056:AL:SCAN,30.07142857,7,both
12200,12200,12200,10/14/20,0.26561376,2179:AL:SCAN,30.65714286,7,both
12201,12201,12201,10/14/20,0.16335846,2115:AL:SCAN,13.3,7,both
12206,12206,12206,3/18/20,-0.7271024,2177:AL:SCAN,47.98571429,7,both
12208,12208,12208,3/18/20,-0.8172929,2174:AL:SCAN,52.62857143,7,both
12211,12211,12211,3/18/20,1.1677804,2180:AL:SCAN,7.028571429,7,both
12213,12213,12213,3/18/20,-0.55615926,2178:AL:SCAN,35.28571429,7,both
12214,12214,12214,3/18/20,0.7645783,2181:AL:SCAN,22.2,7,both
12222,12222,12222,3/4/20,0.6630615,2057:AL:SCAN,30.57142857,7,both
12223,12223,12223,3/4/20,0.45041335,2078:AL:SCAN,35.77142857,7,both
12224,12224,12224,3/4/20,-0.13824251,2177:AL:SCAN,52.9,7,both
12225,12225,12225,3/4/20,1.2350016,2113:AL:SCAN,33.31428571,7,both
12226,12226,12226,3/4/20,0.3256509,2174:AL:SCAN,50.78571429,7,both
12228,12228,12228,3/4/20,1.1246513,2173:AL:SCAN,33.6,7,both
12229,12229,12229,3/4/20,0.14447136,2180:AL:SCAN,12.27142857,7,both
12231,12231,12231,3/4/20,-0.109989315,2178:AL:SCAN,38.14285714,7,both
12232,12232,12232,3/4/20,0.74756336,2181:AL:SCAN,27.61428571,7,both
12234,12234,12234,3/4/20,0.14164957,2176:AL:SCAN,9.585714286,7,both
12235,12235,12235,3/4/20,2.009747,2056:AL:SCAN,44.18571429,7,both
12236,12236,12236,3/4/20,1.2306026,2179:AL:SCAN,36.12857143,7,both
12237,12237,12237,3/4/20,-0.12152803,2115:AL:SCAN,14.78571429,7,both
12239,12239,12239,3/4/20,1.6536677,2053:AL:SCAN,39.72857143,7,both
12240,12240,12240,1/15/20,-0.21651882,2057:AL:SCAN,31.17142857,7,both
12241,12241,12241,1/15/20,-0.12214337,2078:AL:SCAN,36.04285714,7,both
12242,12242,12242,1/15/20,0.8209398,2177:AL:SCAN,50.64285714,7,both
12243,12243,12243,1/15/20,-0.19091798,2113:AL:SCAN,32.24285714,7,both
12244,12244,12244,1/15/20,-0.43044904,2174:AL:SCAN,51.67142857,7,both
12246,12246,12246,1/15/20,-0.33350092,2173:AL:SCAN,35.17142857,7,both
12247,12247,12247,1/15/20,0.10296116,2180:AL:SCAN,21.04285714,7,both
12249,12249,12249,1/15/20,0.31697834,2178:AL:SCAN,37.6,7,both
12250,12250,12250,1/15/20,-0.50322866,2181:AL:SCAN,33.67142857,7,both
12252,12252,12252,1/15/20,0.2459813,2176:AL:SCAN,10.58571429,7,both
12253,12253,12253,1/15/20,-0.22077881,2056:AL:SCAN,44.1,7,both
12254,12254,12254,1/15/20,-0.88462985,2179:AL:SCAN,36.21428571,7,both
12255,12255,12255,1/15/20,0.31910074,2115:AL:SCAN,22.78571429,7,both
12257,12257,12257,1/15/20,-0.33510944,2053:AL:SCAN,39.85714286,7,both
12258,12258,12258,6/24/20,-0.2725602,2057:AL:SCAN,17.58571429,7,both
12260,12260,12260,6/24/20,0.34981537,2177:AL:SCAN,33.12857143,7,both
12261,12261,12261,6/24/20,-0.5664253,2113:AL:SCAN,14.21428571,7,both
12264,12264,12264,6/24/20,-1.1541797,2173:AL:SCAN,16.78571429,7,both
12267,12267,12267,6/24/20,-0.37842292,2178:AL:SCAN,31.58571429,7,both
12270,12270,12270,6/24/20,-0.37759796,2176:AL:SCAN,5.557142857,7,both
12271,12271,12271,6/24/20,0.09424151,2056:AL:SCAN,24.6,7,both
12276,12276,12276,11/11/20,-0.215688,2057:AL:SCAN,24.62857143,7,both
12278,12278,12278,11/11/20,0.4160564,2177:AL:SCAN,47.37142857,7,both
12279,12279,12279,11/11/20,1.1195651,2113:AL:SCAN,32.51428571,7,both
12282,12282,12282,11/11/20,-0.592378,2173:AL:SCAN,23.75714286,7,both
12283,12283,12283,11/11/20,-0.3288648,2180:AL:SCAN,11.94285714,7,both
12285,12285,12285,11/11/20,1.758573,2178:AL:SCAN,36.07142857,7,both
12286,12286,12286,11/11/20,-0.6966182,2181:AL:SCAN,28.07142857,7,both
12289,12289,12289,11/11/20,-0.18222718,2056:AL:SCAN,31.75714286,7,both
12290,12290,12290,11/11/20,0.349589,2179:AL:SCAN,28.74285714,7,both
12291,12291,12291,11/11/20,1.6805987,2115:AL:SCAN,8.3,7,both
12294,12294,12294,7/22/20,-0.23780991,2057:AL:SCAN,26.7,7,both
12298,12298,12298,7/22/20,0.6691699,2174:AL:SCAN,43.11428571,7,both
12300,12300,12300,7/22/20,0.15604861,2173:AL:SCAN,22.65714286,7,both
12303,12303,12303,7/22/20,0.1493921,2178:AL:SCAN,31.08571429,7,both
12306,12306,12306,7/22/20,-0.0796665,2176:AL:SCAN,1.528571429,7,both
12307,12307,12307,7/22/20,-0.096999966,2056:AL:SCAN,24.57142857,7,both
12308,12308,12308,7/22/20,0.5332042,2179:AL:SCAN,21.8,7,both
12309,12309,12309,7/22/20,0.4762028,2115:AL:SCAN,9.914285714,7,both
12311,12311,12311,7/22/20,-0.968841,2053:AL:SCAN,20.92857143,7,both
12315,12315,12315,9/23/20,-1.0235459,2113:AL:SCAN,27.2,7,both
12318,12318,12318,9/23/20,0.15075421,2173:AL:SCAN,21.72857143,7,both
12325,12325,12325,9/23/20,-0.8627137,2056:AL:SCAN,17.5,7,both
12326,12326,12326,9/23/20,-1.0683321,2179:AL:SCAN,24.07142857,7,both
12330,12330,12330,8/19/20,0.18812132,2057:AL:SCAN,26.24285714,7,both
12333,12333,12333,8/19/20,-0.7037133,2113:AL:SCAN,11.1,7,both
12336,12336,12336,8/19/20,-0.05458019,2173:AL:SCAN,22.38571429,7,both
12337,12337,12337,8/19/20,-0.81331027,2180:AL:SCAN,12.27142857,7,both
12339,12339,12339,8/19/20,-0.34237653,2178:AL:SCAN,38.55714286,7,both
12342,12342,12342,8/19/20,0.9119397,2176:AL:SCAN,5.985714286,7,both
12343,12343,12343,8/19/20,-0.14888108,2056:AL:SCAN,17.01428571,7,both
12344,12344,12344,8/19/20,-1.5733258,2179:AL:SCAN,16.02857143,7,both
12345,12345,12345,8/19/20,-1.4076357,2115:AL:SCAN,10.55714286,7,both
12350,12350,12350,3/25/20,-0.26928952,2177:AL:SCAN,45.62857143,7,both
12352,12352,12352,3/25/20,2.2266839,2174:AL:SCAN,55.42857143,7,both
12357,12357,12357,3/25/20,-1.1147326,2178:AL:SCAN,32.47142857,7,both
12366,12366,12366,12/16/20,-0.12231979,2057:AL:SCAN,32.77142857,7,both
12368,12368,12368,12/16/20,0.681039,2177:AL:SCAN,50.84285714,7,both
12369,12369,12369,12/16/20,0.39494443,2113:AL:SCAN,35.48571429,7,both
12372,12372,12372,12/16/20,0.10382591,2173:AL:SCAN,36.41428571,7,both
12373,12373,12373,12/16/20,0.50624746,2180:AL:SCAN,13.85714286,7,both
12375,12375,12375,12/16/20,0.9569112,2178:AL:SCAN,36.57142857,7,both
12376,12376,12376,12/16/20,-0.068036675,2181:AL:SCAN,30.24285714,7,both
12377,12377,12377,12/16/20,0.3065666,2182:AL:SCAN,7.785714286,7,both
12378,12378,12378,12/16/20,0.5366282,2176:AL:SCAN,8.842857143,7,both
12379,12379,12379,12/16/20,0.4326104,2056:AL:SCAN,39.47142857,7,both
12380,12380,12380,12/16/20,-0.12679209,2179:AL:SCAN,33.31428571,7,both
12381,12381,12381,12/16/20,0.024315376,2115:AL:SCAN,11.28571429,7,both
12384,12384,12384,7/15/20,0.044114962,2057:AL:SCAN,23.08571429,7,both
12387,12387,12387,7/15/20,0.028445197,2113:AL:SCAN,30.32857143,7,both
12388,12388,12388,7/15/20,-1.3325485,2174:AL:SCAN,48,7,both
12390,12390,12390,7/15/20,-0.18838122,2173:AL:SCAN,28.05714286,7,both
12393,12393,12393,7/15/20,-0.7471566,2178:AL:SCAN,28.25714286,7,both
12396,12396,12396,7/15/20,0.000393904,2176:AL:SCAN,5.428571429,7,both
12397,12397,12397,7/15/20,-1.0472686,2056:AL:SCAN,32.21428571,7,both
12398,12398,12398,7/15/20,-0.69574744,2179:AL:SCAN,31.7,7,both
12399,12399,12399,7/15/20,0.03848723,2115:AL:SCAN,10.57142857,7,both
12401,12401,12401,7/15/20,0.15661608,2053:AL:SCAN,28.62857143,7,both
17172,17172,17172,5/7/03,-0.4069639,2057:AL:SCAN,26.08571429,7,both
17185,17185,17185,5/7/03,-0.32136002,2056:AL:SCAN,32.95714286,7,both
17189,17189,17189,5/7/03,0.32407135,2053:AL:SCAN,32.6,7,both
17190,17190,17190,5/28/03,-0.21539328,2057:AL:SCAN,28.2,7,both
17203,17203,17203,5/28/03,0.3340425,2056:AL:SCAN,38.8,7,both
17207,17207,17207,5/28/03,1.1203669,2053:AL:SCAN,39.95714286,7,both
17221,17221,17221,7/2/03,-3.5,2056:AL:SCAN,30.61428571,7,both
17226,17226,17226,10/29/03,-0.23777738,2057:AL:SCAN,24.11428571,7,both
17227,17227,17227,10/29/03,-0.46926326,2078:AL:SCAN,32.67142857,7,both
17239,17239,17239,10/29/03,-0.71893126,2056:AL:SCAN,21.5,7,both
17243,17243,17243,10/29/03,0.20483202,2053:AL:SCAN,21.97142857,7,both
17244,17244,17244,4/23/03,-1.1346691,2057:AL:SCAN,20.82857143,7,both
17257,17257,17257,4/23/03,-0.6587534,2056:AL:SCAN,23.44285714,7,both
17261,17261,17261,4/23/03,-0.3649885,2053:AL:SCAN,24.02857143,7,both
17262,17262,17262,6/11/03,-0.17000118,2057:AL:SCAN,26.28571429,7,both
17275,17275,17275,6/11/03,0.8034658,2056:AL:SCAN,31.65714286,7,both
17279,17279,17279,6/11/03,0.7206519,2053:AL:SCAN,35.15714286,7,both
17280,17280,17280,1/1/03,1.2589982,2057:AL:SCAN,29.2,7,both
17285,17285,17285,1/1/03,1.4888675,2055:AL:SCAN,34.52857143,7,both
17293,17293,17293,1/1/03,0.70805395,2056:AL:SCAN,38.8,7,both
17297,17297,17297,1/1/03,1.8450714,2053:AL:SCAN,38.07142857,7,both
17298,17298,17298,1/29/03,1.2064915,2057:AL:SCAN,27.8,7,both
17303,17303,17303,1/29/03,1.8009393,2055:AL:SCAN,31.74285714,7,both
17311,17311,17311,1/29/03,0.4128318,2056:AL:SCAN,36.52857143,7,both
17315,17315,17315,1/29/03,1.8041899,2053:AL:SCAN,34.08571429,7,both
17316,17316,17316,8/6/03,1.4921778,2057:AL:SCAN,20.25714286,7,both
17329,17329,17329,8/6/03,1.5886092,2056:AL:SCAN,23.94285714,7,both
17333,17333,17333,8/6/03,1.3257585,2053:AL:SCAN,34.64285714,7,both
17334,17334,17334,12/31/03,-0.37848565,2057:AL:SCAN,33.07142857,7,both
17335,17335,17335,12/31/03,0.19168203,2078:AL:SCAN,40.22857143,7,both
17339,17339,17339,12/31/03,0.40426457,2055:AL:SCAN,19.98571429,7,both
17347,17347,17347,12/31/03,-0.07228544,2056:AL:SCAN,35.32857143,7,both
17351,17351,17351,12/31/03,-0.5088933,2053:AL:SCAN,34.48571429,7,both
17352,17352,17352,4/9/03,-0.66660935,2057:AL:SCAN,24.67142857,7,both
17365,17365,17365,4/9/03,0.09090013,2056:AL:SCAN,33.45714286,7,both
17369,17369,17369,4/9/03,-1.4418955,2053:AL:SCAN,31.07142857,7,both
17370,17370,17370,9/10/03,0.42271158,2057:AL:SCAN,16.37142857,7,both
17383,17383,17383,9/10/03,-0.021026358,2056:AL:SCAN,22.08571429,7,both
17388,17388,17388,11/26/03,0.059572905,2057:AL:SCAN,31.75714286,7,both
17389,17389,17389,11/26/03,0.39426827,2078:AL:SCAN,39.45714286,7,both
17393,17393,17393,11/26/03,0.41879362,2055:AL:SCAN,15.17142857,7,both
17401,17401,17401,11/26/03,0.41965908,2056:AL:SCAN,32.57142857,7,both
17405,17405,17405,11/26/03,0.031177351,2053:AL:SCAN,32.25714286,7,both
17406,17406,17406,10/15/03,-0.14669114,2057:AL:SCAN,21.2,7,both
17407,17407,17407,10/15/03,-0.17711194,2078:AL:SCAN,29.52857143,7,both
17411,17411,17411,10/15/03,-0.95616657,2055:AL:SCAN,11.07142857,7,both
17419,17419,17419,10/15/03,-0.43157482,2056:AL:SCAN,23.05714286,7,both
17423,17423,17423,10/15/03,-0.1929339,2053:AL:SCAN,21.67142857,7,both
17424,17424,17424,2/19/03,-0.31733847,2057:AL:SCAN,31.64285714,7,both
17429,17429,17429,2/19/03,-0.7710858,2055:AL:SCAN,34.75714286,7,both
17437,17437,17437,2/19/03,-1.0769945,2056:AL:SCAN,39.51428571,7,both
17441,17441,17441,2/19/03,-0.7410329,2053:AL:SCAN,38.61428571,7,both
17442,17442,17442,3/19/03,-2.0357823,2057:AL:SCAN,28.28571429,7,both
17455,17455,17455,3/19/03,-1.8283795,2056:AL:SCAN,38.8,7,both
17459,17459,17459,3/19/03,-3.2495306,2053:AL:SCAN,36.5,7,both
17460,17460,17460,1/15/03,0.6334744,2057:AL:SCAN,29.17142857,7,both
17465,17465,17465,1/15/03,0.508366,2055:AL:SCAN,33.68571429,7,both
17473,17473,17473,1/15/03,0.5289686,2056:AL:SCAN,38.61428571,7,both
17477,17477,17477,1/15/03,0.48847225,2053:AL:SCAN,35.11428571,7,both
17478,17478,17478,6/25/03,0.2967308,2057:AL:SCAN,21.77142857,7,both
17483,17483,17483,6/25/03,0.71475214,2055:AL:SCAN,16.6,7,both
17491,17491,17491,6/25/03,0.8011157,2056:AL:SCAN,30.58571429,7,both
17495,17495,17495,6/25/03,0.16778308,2053:AL:SCAN,34.97142857,7,both
17496,17496,17496,3/5/03,0.7512242,2057:AL:SCAN,31.07142857,7,both
17509,17509,17509,3/5/03,0.7398568,2056:AL:SCAN,40.45714286,7,both
17513,17513,17513,3/5/03,0.8069444,2053:AL:SCAN,40.12857143,7,both
17514,17514,17514,7/23/03,0.0390133,2057:AL:SCAN,28.08571429,7,both
17519,17519,17519,7/23/03,-0.083114855,2055:AL:SCAN,7.728571429,7,both
17531,17531,17531,7/23/03,-0.21556932,2053:AL:SCAN,35.57142857,7,both
17532,17532,17532,9/24/03,0.9026007,2057:AL:SCAN,20.47142857,7,both
17533,17533,17533,9/24/03,1.165182,2078:AL:SCAN,37.95714286,7,both
17545,17545,17545,9/24/03,0.4479389,2056:AL:SCAN,25.07142857,7,both
17549,17549,17549,9/24/03,1.2162435,2053:AL:SCAN,26.01428571,7,both
17550,17550,17550,11/12/03,-0.8590585,2057:AL:SCAN,27.41428571,7,both
17551,17551,17551,11/12/03,-0.86623293,2078:AL:SCAN,35.9,7,both
17555,17555,17555,11/12/03,-1.2883254,2055:AL:SCAN,8.628571429,7,both
17563,17563,17563,11/12/03,-1.0592228,2056:AL:SCAN,23.2,7,both
17567,17567,17567,11/12/03,-0.6790267,2053:AL:SCAN,28.61428571,7,both
17581,17581,17581,7/16/03,1.327419,2056:AL:SCAN,26.31428571,7,both
17586,17586,17586,8/20/03,1.3318007,2057:AL:SCAN,24.37142857,7,both
17599,17599,17599,8/20/03,1.1725028,2056:AL:SCAN,35.94285714,7,both
17603,17603,17603,8/20/03,1.1696836,2053:AL:SCAN,25.3,7,both
17604,17604,17604,3/26/03,-0.6699103,2057:AL:SCAN,27.32857143,7,both
17617,17617,17617,3/26/03,0.32394135,2056:AL:SCAN,37.78571429,7,both
17621,17621,17621,3/26/03,-0.6217417,2053:AL:SCAN,33.28571429,7,both
17622,17622,17622,12/17/03,0.11315885,2057:AL:SCAN,34.07142857,7,both
17623,17623,17623,12/17/03,0.29716092,2078:AL:SCAN,40.98571429,7,both
17627,17627,17627,12/17/03,1.7051389,2055:AL:SCAN,19.85714286,7,both
17635,17635,17635,12/17/03,0.38955995,2056:AL:SCAN,37.18571429,7,both
17639,17639,17639,12/17/03,0.47026333,2053:AL:SCAN,35.77142857,7,both
17641,17641,17641,12/3/03,-0.7858235,2078:AL:SCAN,39.82857143,7,both
17645,17645,17645,12/3/03,-0.81226367,2055:AL:SCAN,16.32857143,7,both
17653,17653,17653,12/3/03,-0.7198001,2056:AL:SCAN,33.74285714,7,both
17671,17671,17671,9/3/03,2.5950541,2056:AL:SCAN,29.71428571,7,both
17675,17675,17675,9/3/03,2.2105348,2053:AL:SCAN,21.65714286,7,both
17676,17676,17676,4/2/03,-1.6973124,2057:AL:SCAN,23.52857143,7,both
17689,17689,17689,4/2/03,-1.7160845,2056:AL:SCAN,34.67142857,7,both
17693,17693,17693,4/2/03,-1.8250924,2053:AL:SCAN,30.11428571,7,both
17694,17694,17694,8/13/03,2.34767,2057:AL:SCAN,22.41428571,7,both
17699,17699,17699,8/13/03,0.474832,2055:AL:SCAN,10.72857143,7,both
17707,17707,17707,8/13/03,1.3157854,2056:AL:SCAN,34.14285714,7,both
17711,17711,17711,8/13/03,0.6696335,2053:AL:SCAN,30.75714286,7,both
17743,17743,17743,2/26/03,2.8132646,2056:AL:SCAN,40.11428571,7,both
17761,17761,17761,5/14/03,0.7256172,2056:AL:SCAN,37.7,7,both
17765,17765,17765,5/14/03,1.1732134,2053:AL:SCAN,40.28571429,7,both
17766,17766,17766,10/8/03,0.5040109,2057:AL:SCAN,22.07142857,7,both
17771,17771,17771,10/8/03,-0.99676746,2055:AL:SCAN,10.6,7,both
17779,17779,17779,10/8/03,0.4127362,2056:AL:SCAN,25.02857143,7,both
17783,17783,17783,10/8/03,0.19386157,2053:AL:SCAN,22.04285714,7,both
17784,17784,17784,2/5/03,0.1289749,2057:AL:SCAN,30.57142857,7,both
17789,17789,17789,2/5/03,-0.41632628,2055:AL:SCAN,34.5,7,both
17797,17797,17797,2/5/03,-0.72397244,2056:AL:SCAN,39.17142857,7,both
17801,17801,17801,2/5/03,-0.025195228,2053:AL:SCAN,36.12857143,7,both
17802,17802,17802,6/4/03,-1.4970734,2057:AL:SCAN,20.02857143,7,both
17815,17815,17815,6/4/03,-0.009645605,2056:AL:SCAN,31.94285714,7,both
17819,17819,17819,6/4/03,0.98691785,2053:AL:SCAN,32.58571429,7,both
17820,17820,17820,3/12/03,0.123781584,2057:AL:SCAN,29.27142857,7,both
17833,17833,17833,3/12/03,-0.32262436,2056:AL:SCAN,39.5,7,both
17838,17838,17838,9/17/03,-0.08396245,2057:AL:SCAN,15.17142857,7,both
17839,17839,17839,9/17/03,0.035416394,2078:AL:SCAN,34.18571429,7,both
17851,17851,17851,9/17/03,-0.11952226,2056:AL:SCAN,19.3,7,both
17856,17856,17856,7/30/03,-0.62058383,2057:AL:SCAN,23.95714286,7,both
17869,17869,17869,7/30/03,-0.61137104,2056:AL:SCAN,24.32857143,7,both
17873,17873,17873,7/30/03,-1.0256616,2053:AL:SCAN,36.12857143,7,both
17874,17874,17874,7/9/03,1.9854877,2057:AL:SCAN,27.8,7,both
17887,17887,17887,7/9/03,-0.8641742,2056:AL:SCAN,36.11428571,7,both
17892,17892,17892,8/27/03,0.48960942,2057:AL:SCAN,16.8,7,both
17905,17905,17905,8/27/03,1.7930887,2056:AL:SCAN,33.1,7,both
17911,17911,17911,12/10/03,0.7240811,2078:AL:SCAN,40.04285714,7,both
17915,17915,17915,12/10/03,0.46464658,2055:AL:SCAN,17.87142857,7,both
17923,17923,17923,12/10/03,0.52294135,2056:AL:SCAN,35.62857143,7,both
17927,17927,17927,12/10/03,0.54007155,2053:AL:SCAN,34.38571429,7,both
17928,17928,17928,1/8/03,0.89079505,2057:AL:SCAN,29.5,7,both
17933,17933,17933,1/8/03,0.8811891,2055:AL:SCAN,34.3,7,both
17941,17941,17941,1/8/03,0.65570515,2056:AL:SCAN,39.2,7,both
17945,17945,17945,1/8/03,1.0758753,2053:AL:SCAN,36.18571429,7,both
17946,17946,17946,4/30/03,-0.00024511,2057:AL:SCAN,27.7,7,both
17959,17959,17959,4/30/03,1.202194,2056:AL:SCAN,31.68571429,7,both
17963,17963,17963,4/30/03,0.012037177,2053:AL:SCAN,31.3,7,both
17964,17964,17964,2/12/03,0.09374013,2057:AL:SCAN,30.84285714,7,both
17969,17969,17969,2/12/03,-0.4412437,2055:AL:SCAN,35.52857143,7,both
17977,17977,17977,2/12/03,-0.026005596,2056:AL:SCAN,39.47142857,7,both
17981,17981,17981,2/12/03,0.60404724,2053:AL:SCAN,36.18571429,7,both
17982,17982,17982,11/19/03,-0.7127221,2057:AL:SCAN,32.04285714,7,both
17983,17983,17983,11/19/03,-1.1609855,2078:AL:SCAN,38.15714286,7,both
17987,17987,17987,11/19/03,-0.5234412,2055:AL:SCAN,10.14285714,7,both
17995,17995,17995,11/19/03,-2.458289,2056:AL:SCAN,28.51428571,7,both
18000,18000,18000,10/1/03,0.9003762,2057:AL:SCAN,26.12857143,7,both
18001,18001,18001,10/1/03,0.045827992,2078:AL:SCAN,36.54285714,7,both
18013,18013,18013,10/1/03,0.19868067,2056:AL:SCAN,31.5,7,both
18017,18017,18017,10/1/03,1.282918,2053:AL:SCAN,27.54285714,7,both
18018,18018,18018,11/5/03,-1.2413919,2057:AL:SCAN,22.48571429,7,both
18019,18019,18019,11/5/03,-0.71520215,2078:AL:SCAN,33.18571429,7,both
18023,18023,18023,11/5/03,-1.3878897,2055:AL:SCAN,9.771428571,7,both
18031,18031,18031,11/5/03,-1.2062285,2056:AL:SCAN,19.24285714,7,both
18035,18035,18035,11/5/03,-0.15370162,2053:AL:SCAN,21.25714286,7,both
18054,18054,18054,4/16/03,-0.017007546,2057:AL:SCAN,26.9,7,both
18067,18067,18067,4/16/03,0.02269701,2056:AL:SCAN,33.62857143,7,both
18071,18071,18071,4/16/03,0.11185325,2053:AL:SCAN,31.48571429,7,both
18090,18090,18090,1/22/03,1.6959863,2057:AL:SCAN,28.8,7,both
18095,18095,18095,1/22/03,1.5850549,2055:AL:SCAN,33.41428571,7,both
18103,18103,18103,1/22/03,0.8630281,2056:AL:SCAN,37.82857143,7,both
18108,18108,18108,10/22/03,0.38257128,2057:AL:SCAN,24.97142857,7,both
18109,18109,18109,10/22/03,0.078692056,2078:AL:SCAN,30.84285714,7,both
18113,18113,18113,10/22/03,-0.26138553,2055:AL:SCAN,11.61428571,7,both
18121,18121,18121,10/22/03,0.488835,2056:AL:SCAN,25.88571429,7,both
18125,18125,18125,10/22/03,0.20955856,2053:AL:SCAN,21.88571429,7,both