DateTime,Timeseries
1/1/2001 0:00,1.207623601
1/8/2001 0:00,1.118643045
1/15/2001 0:00,0.009613761
1/22/2001 0:00,0.252564192
1/29/2001 0:00,-0.4780294
2/5/2001 0:00,-2.834463835
2/12/2001 0:00,0.452104479
2/19/2001 0:00,0.550552249
2/26/2001 0:00,0.805066824
3/5/2001 0:00,1.175994039
3/12/2001 0:00,1.792433977
3/19/2001 0:00,1.046733856
3/26/2001 0:00,0.601119041
4/2/2001 0:00,-0.834827244
4/9/2001 0:00,-1.124022603
4/16/2001 0:00,-0.575534046
4/23/2001 0:00,-0.860633969
4/30/2001 0:00,-1.182488918
5/7/2001 0:00,-0.942933738
5/14/2001 0:00,-1.198384881
5/21/2001 0:00,-0.311371654
5/28/2001 0:00,0.466291368
6/4/2001 0:00,0.521945
6/11/2001 0:00,-0.067141101
6/18/2001 0:00,-1.118702531
6/25/2001 0:00,0.677987099
7/2/2001 0:00,0.504582286
7/9/2001 0:00,0.038463663
7/16/2001 0:00,2.006119013
7/23/2001 0:00,-0.869797349
7/30/2001 0:00,-0.074553885
8/6/2001 0:00,-0.021759268
8/13/2001 0:00,0.067350417
8/20/2001 0:00,0.206086069
8/27/2001 0:00,0.353114009
9/3/2001 0:00,0.289301813
9/10/2001 0:00,0.087527327
9/17/2001 0:00,-0.23503159
9/24/2001 0:00,-0.33435148
10/1/2001 0:00,-0.526333988
10/8/2001 0:00,-0.88010335
10/15/2001 0:00,-0.94592613
10/22/2001 0:00,-1.888111949
10/29/2001 0:00,-2.128515005
11/5/2001 0:00,-1.515493035
11/12/2001 0:00,-1.630454302
11/19/2001 0:00,-0.990452409
11/26/2001 0:00,-1.00466764
12/3/2001 0:00,0.421584249
12/11/2001 0:00,1.111780763
12/18/2001 0:00,0.732308626
12/25/2001 0:00,0.795640111
1/1/2002 0:00,-0.153878435
1/8/2002 0:00,-1.097382307
1/15/2002 0:00,-1.174363971
1/22/2002 0:00,-1.53567183
1/29/2002 0:00,-1.256736279
2/5/2002 0:00,0.100509241
2/12/2002 0:00,-0.695222259
2/19/2002 0:00,-0.540930569
2/26/2002 0:00,-0.361291111
3/5/2002 0:00,-1.557181835
3/12/2002 0:00,-0.993420005
3/19/2002 0:00,0.004090013
3/26/2002 0:00,0.137685671
4/2/2002 0:00,1.441291809
4/9/2002 0:00,2.134992838
4/16/2002 0:00,
4/30/2002 0:00,-0.564589262
5/7/2002 0:00,-0.775467336
5/14/2002 0:00,-0.55733037
5/21/2002 0:00,-0.329202563
5/28/2002 0:00,-0.207189322
6/4/2002 0:00,-0.119807079
6/11/2002 0:00,-0.188457116
6/18/2002 0:00,-0.533161163
6/25/2002 0:00,-0.783859134
7/2/2002 0:00,-0.493423492
7/9/2002 0:00,-0.918428659
7/16/2002 0:00,-1.232676268
7/23/2002 0:00,-1.037542105
7/30/2002 0:00,-0.934640288
8/6/2002 0:00,-0.470941097
8/13/2002 0:00,-0.935644388
8/20/2002 0:00,-1.328049421
8/27/2002 0:00,-1.547086358
9/3/2002 0:00,-1.643473625
9/10/2002 0:00,-0.682311475
9/17/2002 0:00,1.189533472
9/24/2002 0:00,1.042620897
10/1/2002 0:00,1.32725513
10/8/2002 0:00,1.347589374
10/15/2002 0:00,0.526989043
10/22/2002 0:00,0.672881186
10/29/2002 0:00,1.282599807
11/5/2002 0:00,1.843665838
11/12/2002 0:00,1.528000236
11/19/2002 0:00,1.004516959
11/26/2002 0:00,0.11968454
12/3/2002 0:00,-0.332000405
12/11/2002 0:00,0.098836526
12/18/2002 0:00,0.398986787
12/25/2002 0:00,0.65117538
1/1/2003 0:00,1.550840139
1/8/2003 0:00,1.298911691
1/15/2003 0:00,1.189808369
1/22/2003 0:00,2.080026388
1/29/2003 0:00,0.868678987
2/5/2003 0:00,1.507128835
2/12/2003 0:00,1.257866263
2/19/2003 0:00,1.334092259
2/26/2003 0:00,0.443359226
3/5/2003 0:00,-0.806742787
3/12/2003 0:00,0.082449235
3/19/2003 0:00,-0.260232091
3/26/2003 0:00,0.197431013
4/2/2003 0:00,0.389062971
4/9/2003 0:00,-0.646548986
4/16/2003 0:00,-0.295056909
4/23/2003 0:00,-0.370714307
4/30/2003 0:00,-0.51661998
5/7/2003 0:00,-1.09682703
5/14/2003 0:00,-1.147693157
5/21/2003 0:00,-0.906177223
5/28/2003 0:00,-0.982791841
6/4/2003 0:00,0.966628015
6/11/2003 0:00,1.685586095
6/18/2003 0:00,1.756495118
6/25/2003 0:00,1.913299084
7/2/2003 0:00,1.462206841
7/9/2003 0:00,2.415599823
7/16/2003 0:00,1.526907325
7/23/2003 0:00,1.848849535
7/30/2003 0:00,1.586833715
8/6/2003 0:00,0.928992867
8/13/2003 0:00,0.468627125
8/20/2003 0:00,0.228103757
8/27/2003 0:00,-0.095818982
9/3/2003 0:00,-0.173576966
9/10/2003 0:00,0.032363955
9/17/2003 0:00,-0.291548252
9/24/2003 0:00,-0.140100762
10/1/2003 0:00,-0.277791113
10/8/2003 0:00,-0.67722559
10/15/2003 0:00,-0.52693671
10/22/2003 0:00,-0.65053165
10/29/2003 0:00,-1.300696969
11/5/2003 0:00,-0.599628866
11/12/2003 0:00,-1.003026605
11/19/2003 0:00,-0.803469837
11/26/2003 0:00,-1.353270173
12/3/2003 0:00,-1.112066031
12/11/2003 0:00,-1.39071691
12/18/2003 0:00,-1.129867673
12/25/2003 0:00,-0.698599339
1/1/2004 0:00,-0.413006276
1/8/2004 0:00,-0.463765293
1/15/2004 0:00,-0.814344108
1/22/2004 0:00,-0.298177123
1/29/2004 0:00,0.30628705
2/5/2004 0:00,0.701952398
2/12/2004 0:00,0.536106884
2/19/2004 0:00,0.599224687
2/26/2004 0:00,-0.266616464
3/4/2004 0:00,-0.581692696
3/11/2004 0:00,-1.07867682
3/18/2004 0:00,-1.079669356
3/25/2004 0:00,-1.18353796
4/1/2004 0:00,-0.498553693
4/8/2004 0:00,-0.447505176
4/15/2004 0:00,-0.681870162
4/22/2004 0:00,-0.041463625
4/29/2004 0:00,-0.312642664
5/6/2004 0:00,-0.526610017
5/13/2004 0:00,-0.158190995
5/20/2004 0:00,-1.081763625
5/27/2004 0:00,-0.54915756
6/3/2004 0:00,-0.536033154
6/10/2004 0:00,-0.051145695
6/17/2004 0:00,0.746580839
6/24/2004 0:00,0.701447964
7/1/2004 0:00,0.775559068
7/8/2004 0:00,0.370473117
7/15/2004 0:00,0.011290688
7/22/2004 0:00,-0.177629203
7/29/2004 0:00,0.212047979
8/5/2004 0:00,0.576713264
8/12/2004 0:00,0.6453619
8/19/2004 0:00,0.995963156
8/26/2004 0:00,0.237271845
9/2/2004 0:00,0.216727316
9/9/2004 0:00,0.245612055
9/16/2004 0:00,0.205660671
9/23/2004 0:00,0.96278733
9/30/2004 0:00,0.962818146
10/7/2004 0:00,1.274223924
10/14/2004 0:00,0.980245411
10/21/2004 0:00,0.011240358
10/28/2004 0:00,-0.927988589
11/4/2004 0:00,-0.321437925
11/11/2004 0:00,0.592266083
11/18/2004 0:00,1.076832652
11/25/2004 0:00,0.48599261
12/2/2004 0:00,0.510128438
12/11/2004 0:00,
12/18/2004 0:00,
12/25/2004 0:00,0.67713505
1/1/2005 0:00,-0.083015174
1/8/2005 0:00,0.686124027
1/15/2005 0:00,0.509970546
1/22/2005 0:00,0.879619122
1/29/2005 0:00,1.334701419
2/5/2005 0:00,0.151786
2/12/2005 0:00,-1.735054731
2/19/2005 0:00,-0.530239344
2/26/2005 0:00,-0.690147161
3/5/2005 0:00,-0.645122826
3/12/2005 0:00,0.478835672
3/19/2005 0:00,-1.014962316
3/26/2005 0:00,-0.444528401
4/2/2005 0:00,-0.116345726
4/9/2005 0:00,0.028070576
4/16/2005 0:00,0.333056509
4/23/2005 0:00,0.303236663
4/30/2005 0:00,-0.033948019
5/7/2005 0:00,0.596234381
5/14/2005 0:00,1.063669562
5/21/2005 0:00,0.844877601
5/28/2005 0:00,1.471285462
6/4/2005 0:00,1.340293646
6/11/2005 0:00,0.930948079
6/18/2005 0:00,0.51058954
6/25/2005 0:00,0.001386166
7/2/2005 0:00,-0.788220108
7/9/2005 0:00,-0.73189348
7/16/2005 0:00,-0.13754797
7/23/2005 0:00,0.102382451
7/30/2005 0:00,0.268347979
8/6/2005 0:00,-0.036063306
8/13/2005 0:00,-0.156637609
8/20/2005 0:00,-0.343084425
8/27/2005 0:00,-0.610678971
9/3/2005 0:00,-0.04076305
9/10/2005 0:00,0.058396537
9/17/2005 0:00,-0.024374153
9/24/2005 0:00,-0.246911228
10/1/2005 0:00,-0.530233562
10/8/2005 0:00,-0.795974076
10/15/2005 0:00,-1.429663181
10/22/2005 0:00,-1.548570633
10/29/2005 0:00,-1.499019742
11/5/2005 0:00,-0.583595634
11/12/2005 0:00,0.475316525
11/19/2005 0:00,1.574872375
11/26/2005 0:00,1.761800766
12/3/2005 0:00,1.707594514
12/11/2005 0:00,0.063772425
12/18/2005 0:00,-1.20357573
12/25/2005 0:00,-1.930046797
1/1/2006 0:00,-1.326170802
1/8/2006 0:00,-0.739888549
1/15/2006 0:00,-0.743581712
1/22/2006 0:00,-0.007816226
1/29/2006 0:00,0.32909441
2/5/2006 0:00,0.500427663
2/12/2006 0:00,0.32265836
2/19/2006 0:00,-0.060528681
2/26/2006 0:00,1.377211094
3/5/2006 0:00,1.372620821
3/12/2006 0:00,1.505979061
3/19/2006 0:00,1.586881995
3/26/2006 0:00,-0.814786494
4/2/2006 0:00,-1.076928496
4/9/2006 0:00,-0.915932238
4/16/2006 0:00,-0.715278685
4/23/2006 0:00,0.120655574
4/30/2006 0:00,0.323209763
5/7/2006 0:00,0.052601602
5/14/2006 0:00,-0.045671534
5/21/2006 0:00,-0.934613347
5/28/2006 0:00,-0.6271106
6/4/2006 0:00,-0.750190079
6/11/2006 0:00,-0.457611442
6/18/2006 0:00,-0.167731076
6/25/2006 0:00,-1.509137273
7/2/2006 0:00,-1.196066618
7/9/2006 0:00,-0.981445909
7/16/2006 0:00,-1.583913207
7/23/2006 0:00,-0.709769368
7/30/2006 0:00,-1.314028144
8/6/2006 0:00,-1.235797524
8/13/2006 0:00,-0.867106974
8/20/2006 0:00,-1.335895419
8/27/2006 0:00,-1.273618102
9/3/2006 0:00,-1.262747169
9/10/2006 0:00,-1.445569396
9/17/2006 0:00,-0.838164985
9/24/2006 0:00,-0.213223591
10/1/2006 0:00,-0.2133044
10/8/2006 0:00,-0.057444014
10/15/2006 0:00,0.294507831
10/22/2006 0:00,0.956384063
10/29/2006 0:00,0.452952236
11/5/2006 0:00,-0.062931105
11/12/2006 0:00,1.04098022
11/19/2006 0:00,0.139677867
11/26/2006 0:00,0.352448374
12/3/2006 0:00,-0.20159474
12/11/2006 0:00,-0.535454094
12/18/2006 0:00,-0.626381874
12/25/2006 0:00,-0.722153068
1/1/2007 0:00,0.357144177
1/8/2007 0:00,0.488172591
1/15/2007 0:00,0.942132175
1/22/2007 0:00,1.005666614
1/29/2007 0:00,-0.114113115
2/5/2007 0:00,-0.33104372
2/12/2007 0:00,-1.808818817
2/19/2007 0:00,-2.194268942
2/26/2007 0:00,-1.695408225
3/5/2007 0:00,-0.871317446
3/12/2007 0:00,-0.987242103
3/19/2007 0:00,-0.840928376
3/26/2007 0:00,-0.367051959
4/2/2007 0:00,-0.575619519
4/9/2007 0:00,-0.591178536
4/16/2007 0:00,-0.736886859
4/23/2007 0:00,-1.027231693
4/30/2007 0:00,-1.569430351
5/7/2007 0:00,-2.557024956
5/14/2007 0:00,-2.414148808
5/21/2007 0:00,-1.892803431
5/28/2007 0:00,-1.922442317
6/4/2007 0:00,-1.235014915
6/11/2007 0:00,-0.630077481
6/18/2007 0:00,-0.534502447
6/25/2007 0:00,-0.353268087
7/2/2007 0:00,-0.120938532
7/9/2007 0:00,-0.30762136
7/16/2007 0:00,-1.354376435
7/23/2007 0:00,-1.804406524
7/30/2007 0:00,-2.242306232
8/6/2007 0:00,-2.328896999
8/13/2007 0:00,-1.862134933
8/20/2007 0:00,-1.030978918
8/27/2007 0:00,-0.462212652
9/3/2007 0:00,-1.123912215
9/10/2007 0:00,-1.469438195
9/17/2007 0:00,-1.64127326
9/24/2007 0:00,-1.716798544
10/1/2007 0:00,-1.193803668
10/8/2007 0:00,-1.12814033
10/15/2007 0:00,-0.956601441
10/22/2007 0:00,0.029503772
10/29/2007 0:00,-0.458838761
11/5/2007 0:00,0.121108823
11/12/2007 0:00,-0.133163169
11/19/2007 0:00,-1.643637776
11/26/2007 0:00,-0.854482591
12/3/2007 0:00,-0.964023352
12/11/2007 0:00,-0.810655534
12/18/2007 0:00,-0.095821746
12/25/2007 0:00,-0.479030967
1/1/2008 0:00,-0.227694914
1/8/2008 0:00,-0.206855521
1/15/2008 0:00,-0.31214118
1/22/2008 0:00,0.653942823
1/29/2008 0:00,0.588175237
2/5/2008 0:00,-0.021770423
2/12/2008 0:00,-0.004762861
2/19/2008 0:00,-1.009788394
2/26/2008 0:00,-0.842506647
3/4/2008 0:00,0.394012928
3/11/2008 0:00,0.441269666
3/18/2008 0:00,1.119366646
3/25/2008 0:00,1.344933391
4/1/2008 0:00,1.00969851
4/8/2008 0:00,0.473098397
4/15/2008 0:00,0.349722296
4/22/2008 0:00,0.233821809
4/29/2008 0:00,-0.434246063
5/6/2008 0:00,0.461904824
5/13/2008 0:00,-0.148826241
5/20/2008 0:00,0.238874495
5/27/2008 0:00,0.02958052
6/3/2008 0:00,-0.665883422
6/10/2008 0:00,0.098583996
6/17/2008 0:00,-0.81816119
6/24/2008 0:00,-1.278565168
7/1/2008 0:00,-1.893028617
7/8/2008 0:00,-1.60343039
7/15/2008 0:00,-0.772558331
7/22/2008 0:00,-0.611785591
7/29/2008 0:00,-0.572985291
8/5/2008 0:00,-0.26333344
8/12/2008 0:00,-0.102007128
8/19/2008 0:00,0.263958395
8/26/2008 0:00,0.527233541
9/2/2008 0:00,-0.005006555
9/9/2008 0:00,0.105564818
9/16/2008 0:00,0.170550674
9/23/2008 0:00,0.090494432
9/30/2008 0:00,-0.093532279
10/7/2008 0:00,-0.252629876
10/14/2008 0:00,-0.572800159
10/21/2008 0:00,-0.354117036
10/28/2008 0:00,0.200129882
11/4/2008 0:00,0.703756332
11/11/2008 0:00,-0.160906568
11/18/2008 0:00,-0.767730236
11/25/2008 0:00,-1.20887661
12/2/2008 0:00,-2.049138308
12/11/2008 0:00,
12/18/2008 0:00,-1.123928547
12/25/2008 0:00,-0.578166127
1/1/2009 0:00,-0.311363041
1/8/2009 0:00,-0.499637365
1/15/2009 0:00,-0.802044749
1/22/2009 0:00,-1.158495426
1/29/2009 0:00,-0.589435697
2/5/2009 0:00,-0.341302633
2/12/2009 0:00,0.511194766
2/19/2009 0:00,0.300428271
2/26/2009 0:00,-0.226808116
3/5/2009 0:00,-0.015391964
3/12/2009 0:00,-0.940416634
3/19/2009 0:00,-0.651749253
3/26/2009 0:00,0.091334864
4/2/2009 0:00,-0.230360821
4/9/2009 0:00,-0.10186965
4/16/2009 0:00,-0.588268042
4/23/2009 0:00,-1.339743018
4/30/2009 0:00,0.974861026
5/7/2009 0:00,0.914508641
5/14/2009 0:00,0.924800575
5/21/2009 0:00,1.644927263
5/28/2009 0:00,-0.01483145
6/4/2009 0:00,-1.04554832
6/11/2009 0:00,-1.849526405
6/18/2009 0:00,-1.265708685
6/25/2009 0:00,-0.982897103
7/2/2009 0:00,-0.150754541
7/9/2009 0:00,0.493109882
7/16/2009 0:00,0.567765355
7/23/2009 0:00,0.595476747
7/30/2009 0:00,0.820328534
8/6/2009 0:00,0.683854342
8/13/2009 0:00,0.815560102
8/20/2009 0:00,1.224135876
8/27/2009 0:00,1.228300214
9/3/2009 0:00,1.365844727
9/10/2009 0:00,0.671629488
9/17/2009 0:00,0.997237563
9/24/2009 0:00,1.152242422
10/1/2009 0:00,1.459682584
10/8/2009 0:00,1.364708304
10/15/2009 0:00,1.516334653
10/22/2009 0:00,1.105203867
10/29/2009 0:00,0.826538861
11/5/2009 0:00,0.637731552
11/12/2009 0:00,0.365513235
11/19/2009 0:00,0.731210887
11/26/2009 0:00,0.818636775
12/3/2009 0:00,0.906475544
12/11/2009 0:00,0.462740004
12/18/2009 0:00,0.875401676
12/25/2009 0:00,1.771190166
1/1/2010 0:00,1.671447396
1/8/2010 0:00,1.879982352
1/15/2010 0:00,2.892368793
1/22/2010 0:00,1.150612473
1/29/2010 0:00,1.763322234
2/5/2010 0:00,1.356627584
2/12/2010 0:00,0.653965056
2/19/2010 0:00,0.282777071
2/26/2010 0:00,-0.51955539
3/5/2010 0:00,-0.831857324
3/12/2010 0:00,-1.060377598
3/19/2010 0:00,-1.508497238
3/26/2010 0:00,-1.85917449
4/2/2010 0:00,-1.626192451
4/9/2010 0:00,-1.64468646
4/16/2010 0:00,-1.416750073
4/23/2010 0:00,-1.443425894
4/30/2010 0:00,-0.962589264
5/7/2010 0:00,-0.040826846
5/14/2010 0:00,0.299812615
5/21/2010 0:00,0.496111989
5/28/2010 0:00,0.749213696
6/4/2010 0:00,0.182954535
6/11/2010 0:00,-0.045763299
6/18/2010 0:00,0.204545811
6/25/2010 0:00,-0.274635404
7/2/2010 0:00,-0.437239289
7/9/2010 0:00,-0.227269426
7/16/2010 0:00,-0.410516769
7/23/2010 0:00,-0.171926975
7/30/2010 0:00,-0.345027953
8/6/2010 0:00,-0.633791387
8/13/2010 0:00,-1.37168932
8/20/2010 0:00,-1.881176114
8/27/2010 0:00,-1.820963383
9/3/2010 0:00,-1.727200627
9/10/2010 0:00,-1.993628025
9/17/2010 0:00,-1.930633426
9/24/2010 0:00,-1.711585522
10/1/2010 0:00,-1.498513699
10/8/2010 0:00,-1.140903473
10/15/2010 0:00,-0.8747558
10/22/2010 0:00,0.221868575
10/29/2010 0:00,0.799665689
11/5/2010 0:00,1.669118643
11/12/2010 0:00,1.884894729
11/19/2010 0:00,0.622119784
11/26/2010 0:00,1.53378737
12/3/2010 0:00,1.082591653
12/11/2010 0:00,0.624452531
12/18/2010 0:00,0.512232482
12/25/2010 0:00,
1/1/2011 0:00,-2.401315451
1/8/2011 0:00,-2.418938875
1/15/2011 0:00,-0.039239127
1/22/2011 0:00,-0.375509441
1/29/2011 0:00,1.134483933
2/5/2011 0:00,1.095908046
2/12/2011 0:00,-1.163927197
2/19/2011 0:00,-0.643642366
2/26/2011 0:00,-1.096246958
3/5/2011 0:00,-0.936027229
3/12/2011 0:00,-1.141162157
3/19/2011 0:00,-1.248886943
3/26/2011 0:00,-0.817662001
4/2/2011 0:00,-0.136795491
4/9/2011 0:00,0.212459296
4/16/2011 0:00,0.432472587
4/23/2011 0:00,0.765166938
4/30/2011 0:00,1.896337032
5/7/2011 0:00,1.870788097
5/14/2011 0:00,1.381403089
5/21/2011 0:00,0.815933883
5/28/2011 0:00,-0.76678586
6/4/2011 0:00,-0.531351089
6/11/2011 0:00,-0.446985513
6/18/2011 0:00,-0.39693433
6/25/2011 0:00,0.659689724
7/2/2011 0:00,1.373348713
7/9/2011 0:00,0.422568053
7/16/2011 0:00,0.334269166
7/23/2011 0:00,0.042380825
7/30/2011 0:00,-0.291785747
8/6/2011 0:00,-0.678975403
8/13/2011 0:00,-0.978464544
8/20/2011 0:00,-0.623610377
8/27/2011 0:00,0.234893814
9/3/2011 0:00,0.525948167
9/10/2011 0:00,0.437464744
9/17/2011 0:00,0.210089102
9/24/2011 0:00,-0.13637194
10/1/2011 0:00,-0.254921168
10/8/2011 0:00,-0.082656957
10/15/2011 0:00,0.281659931
10/22/2011 0:00,0.370884776
10/29/2011 0:00,0.523629189
11/5/2011 0:00,0.186961934
11/12/2011 0:00,0.498274028
11/19/2011 0:00,0.661362052
11/26/2011 0:00,0.721850693
12/3/2011 0:00,0.741201997
12/11/2011 0:00,-0.334491044
12/18/2011 0:00,-0.442857176
12/25/2011 0:00,-0.77597034
1/1/2012 0:00,-0.352995813
1/8/2012 0:00,-0.054388501
1/15/2012 0:00,-0.430429846
1/22/2012 0:00,-0.245965615
1/29/2012 0:00,-0.781982005
2/5/2012 0:00,-0.454566836
2/12/2012 0:00,-1.080161691
2/19/2012 0:00,-1.348013759
2/26/2012 0:00,-0.996310532
3/4/2012 0:00,-0.711500287
3/11/2012 0:00,-0.647097826
3/18/2012 0:00,-0.320811838
3/25/2012 0:00,1.542809844
4/1/2012 0:00,1.166861296
4/8/2012 0:00,1.006932974
4/15/2012 0:00,1.752839804
4/22/2012 0:00,0.587332606
4/29/2012 0:00,0.408188373
5/6/2012 0:00,0.231563479
5/13/2012 0:00,-0.79671216
5/20/2012 0:00,-0.920769572
5/27/2012 0:00,-0.894126356
6/3/2012 0:00,-1.657706857
6/10/2012 0:00,-2.058280468
6/17/2012 0:00,-1.531036615
6/24/2012 0:00,-1.183605671
7/1/2012 0:00,-0.173429385
7/8/2012 0:00,0.772316217
7/15/2012 0:00,0.171273127
7/22/2012 0:00,0.17475149
7/29/2012 0:00,0.132279009
8/5/2012 0:00,-0.327097148
8/12/2012 0:00,-0.245939255
8/19/2012 0:00,-0.209144577
8/26/2012 0:00,-0.188147292
9/2/2012 0:00,0.316753447
9/9/2012 0:00,0.728410363
9/16/2012 0:00,1.133904457
9/23/2012 0:00,1.279694915
9/30/2012 0:00,0.905363083
10/7/2012 0:00,0.315876216
10/14/2012 0:00,0.04928904
10/21/2012 0:00,-0.162459254
10/28/2012 0:00,0.272277951
11/4/2012 0:00,0.158057183
11/11/2012 0:00,-0.660392404
11/18/2012 0:00,-0.602812231
11/25/2012 0:00,-1.077677488
12/2/2012 0:00,-0.833757162
12/11/2012 0:00,-0.529993117
12/18/2012 0:00,-0.920904517
12/25/2012 0:00,-0.276187569
1/1/2013 0:00,-0.056499075
1/8/2013 0:00,0.276161283
1/15/2013 0:00,0.154631212
1/22/2013 0:00,0.545528591
1/29/2013 0:00,0.39199394
2/5/2013 0:00,0.218861178
2/12/2013 0:00,1.479471564
2/19/2013 0:00,1.908508539
2/26/2013 0:00,2.33349371
3/5/2013 0:00,2.141581535
3/12/2013 0:00,1.525122404
3/19/2013 0:00,1.056275845
3/26/2013 0:00,0.71690613
4/2/2013 0:00,-0.09041895
4/9/2013 0:00,1.268642068
4/16/2013 0:00,1.901085138
4/23/2013 0:00,2.166734457
4/30/2013 0:00,2.164554834
5/7/2013 0:00,1.074306369
5/14/2013 0:00,1.103644013
5/21/2013 0:00,0.725220799
5/28/2013 0:00,1.562655807
6/4/2013 0:00,1.582585096
6/11/2013 0:00,1.348733068
6/18/2013 0:00,2.224263191
6/25/2013 0:00,1.804168344
7/2/2013 0:00,1.651365876
7/9/2013 0:00,1.279866934
7/16/2013 0:00,1.178263426
7/23/2013 0:00,2.472910166
7/30/2013 0:00,2.01366806
8/6/2013 0:00,2.149561405
8/13/2013 0:00,1.895882845
8/20/2013 0:00,1.017084002
8/27/2013 0:00,1.085211396
9/3/2013 0:00,1.118139148
9/10/2013 0:00,1.477922201
9/17/2013 0:00,1.609640837
9/24/2013 0:00,1.657163382
10/1/2013 0:00,1.614232421
10/8/2013 0:00,1.861605525
10/15/2013 0:00,1.861106753
10/22/2013 0:00,1.459288001
10/29/2013 0:00,0.251685262
11/5/2013 0:00,-1.989699125
11/12/2013 0:00,-1.570746422
11/19/2013 0:00,-1.111971378
11/26/2013 0:00,-0.259247571
12/3/2013 0:00,-0.26970306
12/11/2013 0:00,-0.607441306
12/18/2013 0:00,-0.218343407
12/25/2013 0:00,0.007251092
1/1/2014 0:00,0.73632586
1/8/2014 0:00,0.498816907
1/15/2014 0:00,0.307813793
1/22/2014 0:00,-0.241313875
1/29/2014 0:00,-0.224705189
2/5/2014 0:00,0.013116184
2/12/2014 0:00,0.416926205
2/19/2014 0:00,0.218809962
2/26/2014 0:00,0.531660676
3/5/2014 0:00,0.307571948
3/12/2014 0:00,-0.089682706
3/19/2014 0:00,-0.147741139
3/26/2014 0:00,-0.957217395
4/2/2014 0:00,-0.904056072
4/9/2014 0:00,-1.092297912
4/16/2014 0:00,-1.106344461
4/23/2014 0:00,-1.094154119
4/30/2014 0:00,-0.791757703
5/7/2014 0:00,0.15199697
5/14/2014 0:00,0.601163328
5/21/2014 0:00,1.621681333
5/28/2014 0:00,1.691129565
6/4/2014 0:00,1.540185213
6/11/2014 0:00,1.056396723
6/18/2014 0:00,0.460040361
6/25/2014 0:00,-0.362960488
7/2/2014 0:00,-1.330052733
7/9/2014 0:00,-0.844478607
7/16/2014 0:00,-0.063694127
7/23/2014 0:00,0.172606274
7/30/2014 0:00,0.327102035
8/6/2014 0:00,0.265678674
8/13/2014 0:00,0.66259408
8/20/2014 0:00,1.689868212
8/27/2014 0:00,1.759033084
9/3/2014 0:00,1.489838481
9/10/2014 0:00,1.22925818
9/17/2014 0:00,0.185399115
9/24/2014 0:00,-0.018402589
10/1/2014 0:00,-0.080478124
10/8/2014 0:00,0.273119509
10/15/2014 0:00,0.746219754
10/22/2014 0:00,0.973389387
10/29/2014 0:00,1.680924535
11/5/2014 0:00,0.928646028
11/12/2014 0:00,-0.133649603
11/19/2014 0:00,-0.221443012
11/26/2014 0:00,-0.445777863
12/3/2014 0:00,-0.388949931
12/11/2014 0:00,-0.726740241
12/18/2014 0:00,
12/25/2014 0:00,-0.986811936
1/1/2015 0:00,-0.669165254
1/8/2015 0:00,-0.590603292
1/15/2015 0:00,-0.822599947
1/22/2015 0:00,-1.168382406
1/29/2015 0:00,-1.333071709
2/5/2015 0:00,-0.910036206
2/12/2015 0:00,1.175598621
2/19/2015 0:00,1.020560384
2/26/2015 0:00,0.720137715
3/5/2015 0:00,0.845930934
3/12/2015 0:00,0.93100071
3/19/2015 0:00,1.362298727
3/26/2015 0:00,1.85185504
4/2/2015 0:00,2.31212616
4/9/2015 0:00,1.236396432
4/16/2015 0:00,1.531048179
4/23/2015 0:00,1.677833676
4/30/2015 0:00,0.181197256
5/7/2015 0:00,0.591985762
5/14/2015 0:00,0.908821583
5/21/2015 0:00,0.68550539
5/28/2015 0:00,0.692396224
6/4/2015 0:00,0.927059472
6/11/2015 0:00,0.890326083
6/18/2015 0:00,0.519647956
6/25/2015 0:00,0.499113083
7/2/2015 0:00,0.6848194
7/9/2015 0:00,-0.978082418
7/16/2015 0:00,-0.866050422
7/23/2015 0:00,0.06032262
7/30/2015 0:00,-0.153520316
8/6/2015 0:00,1.177243948
8/13/2015 0:00,1.574783683
8/20/2015 0:00,0.80839169
8/27/2015 0:00,1.175045371
9/3/2015 0:00,1.154500604
9/10/2015 0:00,1.313271403
9/17/2015 0:00,0.635720968
9/24/2015 0:00,-0.224246055
10/1/2015 0:00,0.210410982
10/8/2015 0:00,0.164131507
10/15/2015 0:00,0.664759815
10/22/2015 0:00,0.604082823
10/29/2015 0:00,0.077386871
11/5/2015 0:00,-0.920646727
11/12/2015 0:00,-1.195932508
11/19/2015 0:00,-1.129022837
11/26/2015 0:00,-0.898291588
12/3/2015 0:00,-0.69602859
12/11/2015 0:00,-0.240405411
12/18/2015 0:00,0.744926035
12/25/2015 0:00,0.990109026
1/1/2016 0:00,0.471716613
1/8/2016 0:00,-0.175348535
1/15/2016 0:00,-0.86760205
1/22/2016 0:00,-1.536628962
1/29/2016 0:00,-1.938675046
2/5/2016 0:00,-0.753124833
2/12/2016 0:00,-0.317954719
2/19/2016 0:00,0.112453125
2/26/2016 0:00,0.483958125
3/4/2016 0:00,0.719122648
3/11/2016 0:00,0.180989578
3/18/2016 0:00,0.897805512
3/25/2016 0:00,-0.040100109
4/1/2016 0:00,-0.228928357
4/8/2016 0:00,0.203450203
4/15/2016 0:00,-0.184243813
4/22/2016 0:00,0.571098328
4/29/2016 0:00,0.419954658
5/6/2016 0:00,-0.006200278
5/13/2016 0:00,0.183681324
5/20/2016 0:00,-0.696439445
5/27/2016 0:00,-0.698134303
6/3/2016 0:00,-0.520123899
6/10/2016 0:00,-0.215583324
6/17/2016 0:00,-0.056209933
6/24/2016 0:00,0.471836686
7/1/2016 0:00,0.131307721
7/8/2016 0:00,0.800260127
7/15/2016 0:00,0.625447333
7/22/2016 0:00,-0.086827546
7/29/2016 0:00,0.568249166
8/5/2016 0:00,0.214626834
8/12/2016 0:00,0.389457852
8/19/2016 0:00,0.318350643
8/26/2016 0:00,-0.60157299
9/2/2016 0:00,-0.500366986
9/9/2016 0:00,-0.796453714
9/16/2016 0:00,-1.376709461
9/23/2016 0:00,-1.443026662
9/30/2016 0:00,-1.810866952
10/7/2016 0:00,-1.58616972
10/14/2016 0:00,-1.614436865
10/21/2016 0:00,-1.800933838
10/28/2016 0:00,-0.052738164
11/4/2016 0:00,-0.25562799
11/11/2016 0:00,0.103029199
11/18/2016 0:00,1.459944367
11/25/2016 0:00,1.308099389
12/2/2016 0:00,1.477694392
12/11/2016 0:00,0.987242222
12/18/2016 0:00,1.367682695
12/25/2016 0:00,-0.042653602
1/1/2017 0:00,0.140598983
1/8/2017 0:00,-0.616126537
1/15/2017 0:00,-0.602684379
1/22/2017 0:00,-1.909350038
1/29/2017 0:00,-1.394358993
2/5/2017 0:00,-0.293840677
2/12/2017 0:00,-0.805552721
2/19/2017 0:00,0.132472456
2/26/2017 0:00,0.765492022
3/5/2017 0:00,0.859938204
3/12/2017 0:00,0.625130773
3/19/2017 0:00,0.593571603
3/26/2017 0:00,0.294522345
4/2/2017 0:00,0.370500356
4/9/2017 0:00,0.317340642
4/16/2017 0:00,0.263724357
4/23/2017 0:00,0.053311046
4/30/2017 0:00,-0.541422963
5/7/2017 0:00,-0.887216091
5/14/2017 0:00,-0.361892253
5/21/2017 0:00,1.088768721
5/28/2017 0:00,2.13683033
6/4/2017 0:00,2.359445095
6/11/2017 0:00,2.489217758
6/18/2017 0:00,1.785144806
6/25/2017 0:00,1.588014841
7/2/2017 0:00,2.07183671
7/9/2017 0:00,1.56244421
7/16/2017 0:00,1.995624304
7/23/2017 0:00,2.226465225
7/30/2017 0:00,1.550886035
8/6/2017 0:00,1.540256143
8/13/2017 0:00,0.928975105
8/20/2017 0:00,1.15169847
8/27/2017 0:00,1.71920979
9/3/2017 0:00,1.436499596
9/10/2017 0:00,1.362699509
9/17/2017 0:00,0.562780082
9/24/2017 0:00,-0.138715684
10/1/2017 0:00,0.12791352
10/8/2017 0:00,0.462867916
10/15/2017 0:00,0.483953863
10/22/2017 0:00,1.297406077
10/29/2017 0:00,2.084207535
11/5/2017 0:00,-0.287349999
11/12/2017 0:00,-0.899901032
11/19/2017 0:00,-0.234432727
11/26/2017 0:00,-2.004840612
12/3/2017 0:00,-1.955416679
12/11/2017 0:00,-0.273781776
12/18/2017 0:00,-2.30390954
12/25/2017 0:00,0.381271362
1/1/2018 0:00,-0.359199047
1/8/2018 0:00,-0.630912542
1/15/2018 0:00,-0.147126794
1/22/2018 0:00,-1.03279984
1/29/2018 0:00,-1.215363026
2/5/2018 0:00,-1.542711496
2/12/2018 0:00,-0.695432186
2/19/2018 0:00,-0.34464553
2/26/2018 0:00,0.529779077
3/5/2018 0:00,0.91084373
3/12/2018 0:00,0.869380414
3/19/2018 0:00,0.051807471
3/26/2018 0:00,1.429587603
4/2/2018 0:00,1.556451321
4/9/2018 0:00,0.884990036
4/16/2018 0:00,1.265784264
4/23/2018 0:00,-0.018093972
4/30/2018 0:00,0.294886976
5/7/2018 0:00,0.456885248
5/14/2018 0:00,0.375671476
5/21/2018 0:00,0.527446866
5/28/2018 0:00,0.788466871
6/4/2018 0:00,1.158634305
6/11/2018 0:00,1.674391627
6/18/2018 0:00,1.238637805
6/25/2018 0:00,1.153864145
7/2/2018 0:00,1.125532627
7/9/2018 0:00,0.878075957
7/16/2018 0:00,-0.110499717
7/23/2018 0:00,0.272819787
7/30/2018 0:00,0.285220325
8/6/2018 0:00,0.086279899
8/13/2018 0:00,0.277107477
8/20/2018 0:00,0.162507594
8/27/2018 0:00,0.104236707
9/3/2018 0:00,0.353389651
9/10/2018 0:00,0.614063323
9/17/2018 0:00,1.460090637
9/24/2018 0:00,1.703502655
10/1/2018 0:00,1.015712857
10/8/2018 0:00,0.832806945
10/15/2018 0:00,1.006171465
10/22/2018 0:00,1.276267171
10/29/2018 0:00,2.052233934
11/5/2018 0:00,3.5
11/12/2018 0:00,3.5
11/19/2018 0:00,3.5
11/26/2018 0:00,3.5
12/3/2018 0:00,2.909263611
12/11/2018 0:00,1.824561
12/18/2018 0:00,0.679122984
12/25/2018 0:00,-0.703177989
1/1/2019 0:00,-0.657407582
1/8/2019 0:00,-0.542171657
1/15/2019 0:00,-0.933681846
1/22/2019 0:00,-0.516705632
1/29/2019 0:00,-0.648247004
2/5/2019 0:00,0.888403296
2/12/2019 0:00,0.419988096
2/19/2019 0:00,0.846167564
2/26/2019 0:00,0.874421954
3/5/2019 0:00,0.142367348
3/12/2019 0:00,-0.372287899
3/19/2019 0:00,-0.169357747
3/26/2019 0:00,-0.172505394
4/2/2019 0:00,-0.010077415
4/9/2019 0:00,0.605299056
4/16/2019 0:00,1.835236311
4/23/2019 0:00,1.79745841
4/30/2019 0:00,1.421514511
5/7/2019 0:00,0.533590078
5/14/2019 0:00,-0.990153968
5/21/2019 0:00,-1.37313664
5/28/2019 0:00,-0.203284845
6/4/2019 0:00,0.881610096
6/11/2019 0:00,0.904851437
6/18/2019 0:00,1.348344088
6/25/2019 0:00,1.846690178
7/2/2019 0:00,1.993233323
7/9/2019 0:00,3.365968466
7/16/2019 0:00,1.958590746
7/23/2019 0:00,1.00982821
7/30/2019 0:00,1.386163831
8/6/2019 0:00,0.668966472
8/13/2019 0:00,0.129093468
8/20/2019 0:00,-0.156419337
8/27/2019 0:00,-0.809951246
9/3/2019 0:00,-0.5253281
9/10/2019 0:00,-0.573327243
9/17/2019 0:00,0.120603576
9/24/2019 0:00,-0.302850515
10/1/2019 0:00,-0.148507088
10/8/2019 0:00,0.51610136
10/15/2019 0:00,0.313455701
10/22/2019 0:00,0.780121684
10/29/2019 0:00,1.550564885
11/5/2019 0:00,0.443933368
11/12/2019 0:00,-0.226308241
11/19/2019 0:00,0.328714639
11/26/2019 0:00,0.240336418
12/3/2019 0:00,-0.221350715
12/11/2019 0:00,-0.372270912
12/18/2019 0:00,-1.104245901
12/25/2019 0:00,-1.208927631
1/1/2020 0:00,0.584743202
1/8/2020 0:00,0.80357635
1/15/2020 0:00,1.312871933
1/22/2020 0:00,2.391783237
1/29/2020 0:00,2.031912088
2/5/2020 0:00,3.410417795
2/12/2020 0:00,1.955141425
2/19/2020 0:00,0.769431829
2/26/2020 0:00,0.966643274
3/4/2020 0:00,
3/11/2020 0:00,1.180518627
3/18/2020 0:00,0.954262853
3/25/2020 0:00,0.904180706
4/1/2020 0:00,0.835212946
4/8/2020 0:00,1.193293452
4/15/2020 0:00,0.972580612
4/22/2020 0:00,1.170966268
4/29/2020 0:00,2.169335127
5/6/2020 0:00,2.138802767
5/13/2020 0:00,0.972043276
5/20/2020 0:00,0.262863338
5/27/2020 0:00,0.204445302
6/3/2020 0:00,0.694435179
6/10/2020 0:00,1.308989048
6/17/2020 0:00,1.555798769
6/24/2020 0:00,1.478919983
7/1/2020 0:00,1.785397768
7/8/2020 0:00,2.214666367
7/15/2020 0:00,1.640158296
7/22/2020 0:00,1.062995195
7/29/2020 0:00,0.934569716
8/5/2020 0:00,1.25523591
8/12/2020 0:00,1.083762646
8/19/2020 0:00,1.733975172
8/26/2020 0:00,0.791750371
9/2/2020 0:00,0.922967434
9/9/2020 0:00,1.556149125
9/16/2020 0:00,1.624047279
9/23/2020 0:00,1.670229077
9/30/2020 0:00,0.711393654
10/7/2020 0:00,0.49428612
10/14/2020 0:00,0.025561465
10/21/2020 0:00,-0.983919978
10/28/2020 0:00,-0.930946946
11/4/2020 0:00,-0.769205093
11/11/2020 0:00,-0.537645221
11/18/2020 0:00,0.041435033
11/25/2020 0:00,0.273129016
12/2/2020 0:00,-0.214536622
12/4/2020 0:00,-0.29748711
12/11/2020 0:00,-0.381514519
12/18/2020 0:00,-0.066730976
12/25/2020 0:00,-0.018172668
