,Month,station,correlation,signifigance,soil,resample list,depth,observations
1,4,2057:AL:SCAN,0.2586939476576717,0.022200800319564454,D,1w,SMS-4.0in,78
2,4,2057:AL:SCAN,0.23564323270138943,0.03781183315589614,D,1w,SMS-8.0in,78
5,4,2078:AL:SCAN,0.42730636186557586,0.0007370524478540515,D,1w,SMS-2.0in,59
6,4,2078:AL:SCAN,0.4229369653063507,0.0008461736154346897,B,1w,SMS-4.0in,59
8,4,2078:AL:SCAN,0.34113599992154386,0.008191349429305102,D,1w,SMS-20.0in,59
15,4,2113:AL:SCAN,0.44564386232098013,0.002155817068022236,A,1w,SMS-2.0in,45
16,4,2113:AL:SCAN,0.35936425424513657,0.015331400437125617,A,1w,SMS-4.0in,45
17,4,2113:AL:SCAN,0.418296513690946,0.004243732597727618,A,1w,SMS-8.0in,45
18,4,2113:AL:SCAN,0.2990606690779695,0.04597330328535053,B,1w,SMS-20.0in,45
21,4,2174:AL:SCAN,0.3496766565419286,0.031397494137407486,D,1w,SMS-4.0in,38
30,4,2173:AL:SCAN,0.41569026668003445,0.008493024024122886,B,1w,SMS-2.0in,39
31,4,2173:AL:SCAN,0.46071425269387795,0.0031620751689671305,B,1w,SMS-4.0in,39
32,4,2173:AL:SCAN,0.6123454912782075,3.428748559141978e-05,D,1w,SMS-8.0in,39
33,4,2173:AL:SCAN,0.34032076233742187,0.03401534732925935,D,1w,SMS-20.0in,39
34,4,2173:AL:SCAN,0.3954637964841847,0.012708605751829577,D,1w,SMS-40.0in,39
38,4,2180:AL:SCAN,0.4169168446203417,0.047800278789228184,A,1w,SMS-20.0in,23
39,4,2180:AL:SCAN,0.5093961097584915,0.013037934020028502,C,1w,SMS-40.0in,23
68,4,2056:AL:SCAN,0.2697785967127199,0.0463844601330347,D,1w,SMS-20.0in,55
75,4,2175:AL:SCAN,0.46371302005843706,0.025833096524281,B,1w,SMS-2.0in,23
76,4,2175:AL:SCAN,0.5607285663814813,0.005381199307058519,B,1w,SMS-4.0in,23
77,4,2175:AL:SCAN,0.5327147095256117,0.008868867454632869,B,1w,SMS-8.0in,23
78,4,2175:AL:SCAN,0.49807832477719727,0.015574929387162473,B,1w,SMS-20.0in,23
79,4,2175:AL:SCAN,0.46247389253861604,0.026285079629956607,D,1w,SMS-40.0in,23
80,4,2053:AL:SCAN,0.26634601529109536,0.03485837742807398,D,1w,SMS-2.0in,63
81,4,2053:AL:SCAN,0.38271156772422,0.0019639765003143296,B,1w,SMS-4.0in,63
82,4,2053:AL:SCAN,0.25837331915906103,0.040897635222664444,B,1w,SMS-8.0in,63
84,4,2053:AL:SCAN,0.26043556735467743,0.03925818670163986,D,1w,SMS-40.0in,63
97,5,2177:AL:SCAN,0.5868387837460293,0.044869660384214166,D,1w,SMS-8.0in,12
117,5,2173:AL:SCAN,0.4634719102010278,0.012992378191668265,D,1w,SMS-8.0in,28
125,5,2114:AL:SCAN,0.6986432019430378,3.0511019118095443e-06,B,1w,SMS-2.0in,35
126,5,2114:AL:SCAN,0.4942804844887609,0.002544230062690399,D,1w,SMS-4.0in,35
128,5,2114:AL:SCAN,0.6409419236338175,3.353447535111161e-05,D,1w,SMS-20.0in,35
129,5,2114:AL:SCAN,0.5534580591397407,0.0005633112424087014,D,1w,SMS-40.0in,35
136,5,2181:AL:SCAN,0.8020791334802875,0.009302356378127189,A,1w,SMS-4.0in,9
137,5,2181:AL:SCAN,0.7449368487714674,0.021276502284103965,A,1w,SMS-8.0in,9
138,5,2181:AL:SCAN,0.7146777527060041,0.030491449076021637,A,1w,SMS-20.0in,9
146,5,2176:AL:SCAN,0.43316736977552045,0.0305416015211267,A,1w,SMS-4.0in,25
147,5,2176:AL:SCAN,0.40223081349910855,0.04622945565846722,A,1w,SMS-8.0in,25
148,5,2176:AL:SCAN,0.4466403010868925,0.025206899686907938,A,1w,SMS-20.0in,25
155,5,2115:AL:SCAN,0.5797700245663752,8.832841453771797e-05,A,1w,SMS-2.0in,40
156,5,2115:AL:SCAN,0.6182557606630616,2.1255850894036185e-05,A,1w,SMS-4.0in,40
157,5,2115:AL:SCAN,0.5005464575373193,0.0010041776862859764,A,1w,SMS-8.0in,40
158,5,2115:AL:SCAN,0.45015921607856874,0.0035614670288389317,C,1w,SMS-20.0in,40
159,5,2115:AL:SCAN,0.3680990599410177,0.019441251716020493,D,1w,SMS-40.0in,40
165,5,2053:AL:SCAN,0.39881984297137346,0.009798139927159902,D,1w,SMS-2.0in,41
166,5,2053:AL:SCAN,0.5624606366740554,0.00012944655027384615,B,1w,SMS-4.0in,41
167,5,2053:AL:SCAN,0.5116675262549613,0.0006279240232449926,B,1w,SMS-8.0in,41
168,5,2053:AL:SCAN,0.35928398468940237,0.021053447043255465,D,1w,SMS-20.0in,41
169,5,2053:AL:SCAN,0.42900361886835064,0.005129836405074439,D,1w,SMS-40.0in,41
170,6,2057:AL:SCAN,0.2991930181364771,0.02796480093951819,D,1w,SMS-2.0in,54
184,6,2177:AL:SCAN,0.8493714357445272,0.0037569719945005674,D,1w,SMS-40.0in,9
188,6,2113:AL:SCAN,0.348990080843731,0.02532858555210138,B,1w,SMS-20.0in,41
193,6,2174:AL:SCAN,0.42151551091689843,0.025481544522037675,D,1w,SMS-20.0in,28
195,6,2055:AL:SCAN,0.4413429958369321,0.03501428554613477,B,1w,SMS-2.0in,23
197,6,2055:AL:SCAN,0.42155470650985316,0.04512887398079287,B,1w,SMS-8.0in,23
198,6,2055:AL:SCAN,0.45666314060363955,0.028489705037210485,D,1w,SMS-20.0in,23
209,6,2180:AL:SCAN,-0.712860541105191,0.02066870295416753,C,1w,SMS-40.0in,10
210,6,2114:AL:SCAN,0.3646870501574041,0.03124318388669002,B,1w,SMS-2.0in,35
213,6,2114:AL:SCAN,0.5709578863585318,0.0003411582618857524,D,1w,SMS-20.0in,35
214,6,2114:AL:SCAN,0.38866745190043506,0.0210305687943648,D,1w,SMS-40.0in,35
238,6,2056:AL:SCAN,0.3983131896408028,0.01779384716412593,D,1w,SMS-20.0in,35
251,6,2053:AL:SCAN,0.4031207924998221,0.022154149713566794,B,1w,SMS-4.0in,32
253,6,2053:AL:SCAN,0.3594963280233574,0.04329684182652894,D,1w,SMS-20.0in,32
254,6,2053:AL:SCAN,0.3965435858407599,0.024642480684271738,D,1w,SMS-40.0in,32
255,7,2057:AL:SCAN,0.30855158987427284,0.0053589760496654225,D,1w,SMS-2.0in,80
259,7,2057:AL:SCAN,0.2262651132102037,0.0435724807039705,D,1w,SMS-40.0in,80
270,7,2113:AL:SCAN,0.31683275028556235,0.02349721376778657,A,1w,SMS-2.0in,51
272,7,2113:AL:SCAN,0.2761271437170828,0.049835456033308106,A,1w,SMS-8.0in,51
280,7,2055:AL:SCAN,0.5894544731088419,0.006235477317865614,B,1w,SMS-2.0in,20
281,7,2055:AL:SCAN,0.5743901472268804,0.008078992582784562,B,1w,SMS-4.0in,20
282,7,2055:AL:SCAN,0.46402939475850874,0.039305080674296416,B,1w,SMS-8.0in,20
284,7,2055:AL:SCAN,0.4443547308188094,0.049659366209255366,D,1w,SMS-40.0in,20
292,7,2180:AL:SCAN,0.585036482809498,0.04569443803154991,A,1w,SMS-8.0in,12
295,7,2114:AL:SCAN,0.5267292326221986,7.16872152840591e-05,B,1w,SMS-2.0in,51
296,7,2114:AL:SCAN,0.38274238230124175,0.005571700862099124,D,1w,SMS-4.0in,51
297,7,2114:AL:SCAN,0.29793031690260335,0.03372175672642882,D,1w,SMS-8.0in,51
298,7,2114:AL:SCAN,0.4417959342011657,0.0011720660111279291,D,1w,SMS-20.0in,51
299,7,2114:AL:SCAN,0.48324752823976214,0.0003281329914178659,D,1w,SMS-40.0in,51
310,7,2182:AL:SCAN,0.6443730292227292,0.0009043928549825772,A,1w,SMS-2.0in,23
311,7,2182:AL:SCAN,0.5551271111352711,0.005966894723778711,A,1w,SMS-4.0in,23
312,7,2182:AL:SCAN,0.5820195464656203,0.003573397810051691,A,1w,SMS-8.0in,23
313,7,2182:AL:SCAN,0.4234987596737225,0.0440443955149891,A,1w,SMS-20.0in,23
314,7,2182:AL:SCAN,0.49631307463586877,0.0160045954267855,A,1w,SMS-40.0in,23
316,7,2176:AL:SCAN,0.4142442351116844,0.039521644824166625,A,1w,SMS-4.0in,25
325,7,2115:AL:SCAN,0.48785787213077075,0.00018259273966437592,A,1w,SMS-2.0in,54
328,7,2115:AL:SCAN,0.33710942649248854,0.012677169243624695,C,1w,SMS-20.0in,54
329,7,2115:AL:SCAN,0.4815408853143275,0.0002274147954514224,D,1w,SMS-40.0in,54
335,7,2053:AL:SCAN,-0.49336440113771146,0.01429059587977903,D,1w,SMS-2.0in,24
336,7,2053:AL:SCAN,-0.5256267955325151,0.008342811850599112,B,1w,SMS-4.0in,24
340,8,2057:AL:SCAN,0.26522081070848147,0.028828288750282968,D,1w,SMS-2.0in,68
355,8,2113:AL:SCAN,0.35011604142509356,0.02482837865137097,A,1w,SMS-2.0in,41
360,8,2174:AL:SCAN,0.4189433966390772,0.04158405935596698,D,1w,SMS-2.0in,24
363,8,2174:AL:SCAN,0.5517276286858936,0.005190714607894952,D,1w,SMS-20.0in,24
373,8,2173:AL:SCAN,-0.49312674997298866,0.014344726856946379,D,1w,SMS-20.0in,24
385,8,2178:AL:SCAN,0.4836400633273632,0.010592692728497088,A,1w,SMS-2.0in,27
386,8,2178:AL:SCAN,0.5029408556479315,0.007497344810546924,A,1w,SMS-4.0in,27
389,8,2178:AL:SCAN,0.3923800358167848,0.04292895486678124,B,1w,SMS-40.0in,27
405,8,2056:AL:SCAN,0.40162326620456473,0.01020783177803287,B,1w,SMS-2.0in,40
406,8,2056:AL:SCAN,0.3122698110479073,0.0497966167247335,B,1w,SMS-4.0in,40
407,8,2056:AL:SCAN,0.48855984485745996,0.0013811188792662672,D,1w,SMS-8.0in,40
408,8,2056:AL:SCAN,0.3816038648259829,0.015112178387967315,D,1w,SMS-20.0in,40
409,8,2056:AL:SCAN,0.4309902360386607,0.005496581182789791,D,1w,SMS-40.0in,40
420,8,2053:AL:SCAN,0.48809684241955364,0.015530411116545219,D,1w,SMS-2.0in,24
421,8,2053:AL:SCAN,0.554026743284391,0.004969182324228273,B,1w,SMS-4.0in,24
422,8,2053:AL:SCAN,0.5420117903596797,0.006220607303726417,B,1w,SMS-8.0in,24
423,8,2053:AL:SCAN,0.5505013807326685,0.005312220096891539,D,1w,SMS-20.0in,24
424,8,2053:AL:SCAN,0.40535677938652703,0.049400666526240915,D,1w,SMS-40.0in,24
425,9,2057:AL:SCAN,0.5488287392017037,2.2060986069700765e-06,D,1w,SMS-2.0in,65
426,9,2057:AL:SCAN,0.32696613157305504,0.007850420663028424,D,1w,SMS-4.0in,65
427,9,2057:AL:SCAN,0.29288890868797496,0.01789872724216896,D,1w,SMS-8.0in,65
430,9,2078:AL:SCAN,0.3565292897144937,0.03281167033566913,D,1w,SMS-2.0in,36
433,9,2078:AL:SCAN,0.35920663109977335,0.03143155081259013,D,1w,SMS-20.0in,36
435,9,2177:AL:SCAN,0.7195078515058465,0.0037208236222955175,D,1w,SMS-2.0in,14
436,9,2177:AL:SCAN,0.6817780145473752,0.007241078786709033,D,1w,SMS-4.0in,14
437,9,2177:AL:SCAN,0.582537023106141,0.028813942322951338,D,1w,SMS-8.0in,14
438,9,2177:AL:SCAN,0.7799252074128806,0.0010018266464343225,D,1w,SMS-20.0in,14
439,9,2177:AL:SCAN,0.8009905720633689,0.0005753755836107124,D,1w,SMS-40.0in,14
440,9,2113:AL:SCAN,0.42213773687430484,0.004313425838832776,A,1w,SMS-2.0in,44
441,9,2113:AL:SCAN,0.315071852042803,0.03723574715600787,A,1w,SMS-4.0in,44
442,9,2113:AL:SCAN,0.37658199783865715,0.011749960768465966,A,1w,SMS-8.0in,44
443,9,2113:AL:SCAN,0.44234574908416385,0.0026427129528023966,B,1w,SMS-20.0in,44
444,9,2113:AL:SCAN,0.33450904354896055,0.026461390767750965,B,1w,SMS-40.0in,44
445,9,2174:AL:SCAN,0.3907179950272094,0.027034072670052738,D,1w,SMS-2.0in,32
446,9,2174:AL:SCAN,0.4673574732244724,0.006997548931685133,D,1w,SMS-4.0in,32
447,9,2174:AL:SCAN,0.5052732849321973,0.0031808204902943004,D,1w,SMS-8.0in,32
448,9,2174:AL:SCAN,0.4606519318267746,0.007973307667628552,D,1w,SMS-20.0in,32
449,9,2174:AL:SCAN,0.46831604871011523,0.0068667424887505,D,1w,SMS-40.0in,32
455,9,2173:AL:SCAN,0.5757091656091754,0.0003673801758481299,B,1w,SMS-2.0in,34
456,9,2173:AL:SCAN,0.6284068079716377,6.905360134973005e-05,B,1w,SMS-4.0in,34
457,9,2173:AL:SCAN,0.4678320275041343,0.005270160187026503,D,1w,SMS-8.0in,34
458,9,2173:AL:SCAN,0.368184081909258,0.03215610470148436,D,1w,SMS-20.0in,34
459,9,2173:AL:SCAN,0.5145813475750752,0.0018480054514365856,D,1w,SMS-40.0in,34
460,9,2180:AL:SCAN,0.4714786587252742,0.03585486464016408,A,1w,SMS-2.0in,20
462,9,2180:AL:SCAN,0.48996672476249864,0.028306789494250074,A,1w,SMS-8.0in,20
465,9,2114:AL:SCAN,0.6409992258631954,1.9186703513950036e-05,B,1w,SMS-2.0in,37
466,9,2114:AL:SCAN,0.5312515773167787,0.0007164421633087805,D,1w,SMS-4.0in,37
467,9,2114:AL:SCAN,0.5059127578824079,0.0014010415027492578,D,1w,SMS-8.0in,37
468,9,2114:AL:SCAN,0.5429166296237862,0.0005167440031704612,D,1w,SMS-20.0in,37
469,9,2114:AL:SCAN,0.6488645292845673,1.4004636236869297e-05,D,1w,SMS-40.0in,37
472,9,2178:AL:SCAN,0.6387778550716927,0.0003357330561600644,A,1w,SMS-8.0in,27
473,9,2178:AL:SCAN,0.5594902350709167,0.0024114001635079513,A,1w,SMS-20.0in,27
475,9,2181:AL:SCAN,0.6446862681545373,0.044177623518733694,A,1w,SMS-2.0in,10
477,9,2181:AL:SCAN,0.685044041254186,0.028818804546876086,A,1w,SMS-8.0in,10
479,9,2181:AL:SCAN,0.6576797711281356,0.03874618710173463,C,1w,SMS-40.0in,10
480,9,2182:AL:SCAN,0.654187320134392,0.0023766751994027066,A,1w,SMS-2.0in,19
482,9,2182:AL:SCAN,0.530720359654413,0.019395045389280788,A,1w,SMS-8.0in,19
483,9,2182:AL:SCAN,0.6378505155062778,0.003300505924234513,A,1w,SMS-20.0in,19
484,9,2182:AL:SCAN,0.4664936232629982,0.044076671328441085,A,1w,SMS-40.0in,19
485,9,2176:AL:SCAN,0.6321551864723606,0.0012114138613447622,A,1w,SMS-2.0in,23
486,9,2176:AL:SCAN,0.7585819720606619,2.72843705199583e-05,A,1w,SMS-4.0in,23
487,9,2176:AL:SCAN,0.7273390089218791,8.411957575003864e-05,A,1w,SMS-8.0in,23
488,9,2176:AL:SCAN,0.5067587005477024,0.013596556859739052,A,1w,SMS-20.0in,23
489,9,2176:AL:SCAN,0.49228217859684975,0.017021947463523965,A,1w,SMS-40.0in,23
490,9,2056:AL:SCAN,0.5179661319248542,0.00019224726696960733,B,1w,SMS-2.0in,47
491,9,2056:AL:SCAN,0.548653084079322,6.526912066066374e-05,B,1w,SMS-4.0in,47
492,9,2056:AL:SCAN,0.456615284417794,0.0012546898643546387,D,1w,SMS-8.0in,47
493,9,2056:AL:SCAN,0.5055133391477806,0.00028960534099709055,D,1w,SMS-20.0in,47
494,9,2056:AL:SCAN,0.355618501480363,0.014162036945936525,D,1w,SMS-40.0in,47
495,9,2115:AL:SCAN,0.4004849646801006,0.005279682175084874,A,1w,SMS-2.0in,47
498,9,2115:AL:SCAN,0.3161094424111018,0.030416423867134067,C,1w,SMS-20.0in,47
499,9,2115:AL:SCAN,0.3569578974860829,0.013777015465935785,D,1w,SMS-40.0in,47
501,9,2175:AL:SCAN,0.6644040330636307,0.004994212367090038,B,1w,SMS-4.0in,16
502,9,2175:AL:SCAN,0.6336626246595457,0.008399634955389711,B,1w,SMS-8.0in,16
503,9,2175:AL:SCAN,0.7515323313868589,0.0007887446651976466,B,1w,SMS-20.0in,16
504,9,2175:AL:SCAN,0.7539470043308354,0.0007418222726440965,D,1w,SMS-40.0in,16
505,9,2053:AL:SCAN,0.3396437091609391,0.03201886695505451,D,1w,SMS-2.0in,40
506,9,2053:AL:SCAN,0.46270413513403547,0.002644681782870432,B,1w,SMS-4.0in,40
507,9,2053:AL:SCAN,0.4448076110663007,0.004030166819110891,B,1w,SMS-8.0in,40
509,9,2053:AL:SCAN,0.6153965422400692,2.3781997494937457e-05,D,1w,SMS-40.0in,40
510,10,2057:AL:SCAN,0.4902287228888405,8.027847088843642e-06,D,1w,SMS-2.0in,75
511,10,2057:AL:SCAN,0.3776623202141525,0.0008367608346945055,D,1w,SMS-4.0in,75
512,10,2057:AL:SCAN,0.40006978634039086,0.0003761673355953622,D,1w,SMS-8.0in,75
513,10,2057:AL:SCAN,0.45994510518832865,3.3029988486960415e-05,D,1w,SMS-20.0in,75
514,10,2057:AL:SCAN,0.3810270729617544,0.0007447531976736067,D,1w,SMS-40.0in,75
515,10,2078:AL:SCAN,0.6266681802645095,3.175379106316558e-06,D,1w,SMS-2.0in,46
516,10,2078:AL:SCAN,0.4358385440702451,0.002464971455085014,B,1w,SMS-4.0in,46
517,10,2078:AL:SCAN,0.48310393705266214,0.000672058644293941,D,1w,SMS-8.0in,46
518,10,2078:AL:SCAN,0.4103558125363928,0.004618487827355611,D,1w,SMS-20.0in,46
520,10,2177:AL:SCAN,0.605381612485865,0.007761627623762198,D,1w,SMS-2.0in,18
524,10,2177:AL:SCAN,0.6633759398045774,0.002688526563103966,D,1w,SMS-40.0in,18
525,10,2113:AL:SCAN,0.4416044178405137,0.005510556530114329,A,1w,SMS-2.0in,38
526,10,2113:AL:SCAN,0.4637659799885103,0.00336089003127348,A,1w,SMS-4.0in,38
527,10,2113:AL:SCAN,0.5325199865031978,0.0005783110568669359,A,1w,SMS-8.0in,38
528,10,2113:AL:SCAN,0.5032898042281899,0.0012781165930558873,B,1w,SMS-20.0in,38
529,10,2113:AL:SCAN,0.5511958816284506,0.0003351805849001011,B,1w,SMS-40.0in,38
530,10,2174:AL:SCAN,0.5476581829177439,0.00017416617967658246,D,1w,SMS-2.0in,42
531,10,2174:AL:SCAN,0.5296412118773479,0.00030983381271503223,D,1w,SMS-4.0in,42
532,10,2174:AL:SCAN,0.6065475869997511,2.0641759903944936e-05,D,1w,SMS-8.0in,42
533,10,2174:AL:SCAN,0.35427092579244385,0.021342603458825972,D,1w,SMS-20.0in,42
535,10,2055:AL:SCAN,0.6188363628919028,2.077382560789453e-05,B,1w,SMS-2.0in,40
536,10,2055:AL:SCAN,0.5061110666488225,0.0008626283559755661,B,1w,SMS-4.0in,40
537,10,2055:AL:SCAN,0.5542308258374808,0.00020679429489220197,B,1w,SMS-8.0in,40
538,10,2055:AL:SCAN,0.4594175714613103,0.0028622195937997785,D,1w,SMS-20.0in,40
539,10,2055:AL:SCAN,0.39804296726864064,0.0109685396087747,D,1w,SMS-40.0in,40
541,10,2173:AL:SCAN,0.4078034786506844,0.007345607557781299,B,1w,SMS-4.0in,42
542,10,2173:AL:SCAN,0.4504029593138197,0.0027616149539536235,D,1w,SMS-8.0in,42
543,10,2173:AL:SCAN,0.36750801647410375,0.01665194261113982,D,1w,SMS-20.0in,42
544,10,2173:AL:SCAN,0.46821150631058145,0.001765953313614708,D,1w,SMS-40.0in,42
550,10,2114:AL:SCAN,0.6816825739382318,6.690860198791618e-07,B,1w,SMS-2.0in,42
551,10,2114:AL:SCAN,0.7208813595607109,7.278202809337113e-08,D,1w,SMS-4.0in,42
552,10,2114:AL:SCAN,0.5966874655258115,3.0380253834333666e-05,D,1w,SMS-8.0in,42
553,10,2114:AL:SCAN,0.6476696867122921,3.5474234944612327e-06,D,1w,SMS-20.0in,42
554,10,2114:AL:SCAN,0.3703696816108688,0.01576159490093027,D,1w,SMS-40.0in,42
557,10,2178:AL:SCAN,0.5923849591221498,0.0018082777123633671,A,1w,SMS-8.0in,25
558,10,2178:AL:SCAN,0.4340044467830989,0.030185799824693313,A,1w,SMS-20.0in,25
565,10,2182:AL:SCAN,0.6434177450769802,0.000694162992218486,A,1w,SMS-2.0in,24
566,10,2182:AL:SCAN,0.4786244296846627,0.01798066496500546,A,1w,SMS-4.0in,24
567,10,2182:AL:SCAN,0.4085648029954739,0.04745923982668093,A,1w,SMS-8.0in,24
568,10,2182:AL:SCAN,0.47212338324187,0.019837636034803305,A,1w,SMS-20.0in,24
569,10,2182:AL:SCAN,0.49549146721953113,0.013813517386711735,A,1w,SMS-40.0in,24
570,10,2176:AL:SCAN,0.5113105302665147,0.005421760183997947,A,1w,SMS-2.0in,28
571,10,2176:AL:SCAN,0.47474615223997935,0.010688709559117106,A,1w,SMS-4.0in,28
572,10,2176:AL:SCAN,0.42525369373983946,0.024074063614790912,A,1w,SMS-8.0in,28
575,10,2056:AL:SCAN,0.4471223937338327,0.0038212240783271445,B,1w,SMS-2.0in,40
576,10,2056:AL:SCAN,0.5042856345845809,0.0009069707779644287,B,1w,SMS-4.0in,40
577,10,2056:AL:SCAN,0.46356829531977123,0.002589948183358666,D,1w,SMS-8.0in,40
578,10,2056:AL:SCAN,0.5262120620224616,0.00048741724568780915,D,1w,SMS-20.0in,40
579,10,2056:AL:SCAN,0.37072258240477635,0.01852729142645065,D,1w,SMS-40.0in,40
580,10,2115:AL:SCAN,0.5410444411716093,1.3910262935653377e-05,A,1w,SMS-2.0in,57
581,10,2115:AL:SCAN,0.3884622983644714,0.002825750523168283,A,1w,SMS-4.0in,57
582,10,2115:AL:SCAN,0.3769033952028724,0.0038534016230567193,A,1w,SMS-8.0in,57
583,10,2115:AL:SCAN,0.41862872313592386,0.0011919546831543409,C,1w,SMS-20.0in,57
584,10,2115:AL:SCAN,0.5002499539616572,7.418663657890939e-05,D,1w,SMS-40.0in,57
585,10,2175:AL:SCAN,0.5318073105166624,0.019102069476893756,B,1w,SMS-2.0in,19
586,10,2175:AL:SCAN,0.7149411394291043,0.0005811803265445001,B,1w,SMS-4.0in,19
587,10,2175:AL:SCAN,0.6615797610263582,0.0020356688187003515,B,1w,SMS-8.0in,19
588,10,2175:AL:SCAN,0.8582819910033028,2.590656314409527e-06,B,1w,SMS-20.0in,19
589,10,2175:AL:SCAN,0.8371873474621842,7.813665353283223e-06,D,1w,SMS-40.0in,19
590,10,2053:AL:SCAN,0.30207278401823545,0.039053378846598014,D,1w,SMS-2.0in,47
591,10,2053:AL:SCAN,0.5724447162149116,2.6191657780184576e-05,B,1w,SMS-4.0in,47
592,10,2053:AL:SCAN,0.43910555517067107,0.00201651058595095,B,1w,SMS-8.0in,47
594,10,2053:AL:SCAN,0.6119690104682861,4.86306969509643e-06,D,1w,SMS-40.0in,47
595,11,2057:AL:SCAN,0.412745749981808,0.0007005784665222784,D,1w,SMS-2.0in,64
596,11,2057:AL:SCAN,0.486299357322552,4.6203867843163805e-05,D,1w,SMS-4.0in,64
597,11,2057:AL:SCAN,0.3794048157630134,0.0019887301057252543,D,1w,SMS-8.0in,64
598,11,2057:AL:SCAN,0.2752723938866714,0.027700763767178165,D,1w,SMS-20.0in,64
600,11,2078:AL:SCAN,0.5184863561824123,0.0006095375022808585,D,1w,SMS-2.0in,40
601,11,2078:AL:SCAN,0.7025769235733141,4.3362348141685844e-07,B,1w,SMS-4.0in,40
602,11,2078:AL:SCAN,0.5679403371639186,0.0001321283619857834,D,1w,SMS-8.0in,40
605,11,2177:AL:SCAN,0.8578623195440831,4.310286974050221e-05,D,1w,SMS-2.0in,15
606,11,2177:AL:SCAN,0.8182203979212836,0.0001928004969121371,D,1w,SMS-4.0in,15
608,11,2177:AL:SCAN,0.6677297127749894,0.006523932206764885,D,1w,SMS-20.0in,15
609,11,2177:AL:SCAN,0.8612415571195532,3.7177956322694056e-05,D,1w,SMS-40.0in,15
610,11,2113:AL:SCAN,0.6510829331201263,1.279388524977874e-05,A,1w,SMS-2.0in,37
611,11,2113:AL:SCAN,0.7492518380707088,9.549905307276751e-08,A,1w,SMS-4.0in,37
612,11,2113:AL:SCAN,0.7475467355771993,1.0592440605991675e-07,A,1w,SMS-8.0in,37
614,11,2113:AL:SCAN,0.4967100624471068,0.0017652717535530937,B,1w,SMS-40.0in,37
615,11,2174:AL:SCAN,0.7060345950399358,2.1553569684998324e-06,D,1w,SMS-2.0in,35
616,11,2174:AL:SCAN,0.5692757449251749,0.00035844360338083055,D,1w,SMS-4.0in,35
617,11,2174:AL:SCAN,0.58300377586987,0.0002375777434619312,D,1w,SMS-8.0in,35
618,11,2174:AL:SCAN,0.3697760382046708,0.028791611200882767,D,1w,SMS-20.0in,35
620,11,2055:AL:SCAN,0.44233664001272943,0.004264121378575161,B,1w,SMS-2.0in,40
622,11,2055:AL:SCAN,0.41624203386810416,0.007551094729866713,B,1w,SMS-8.0in,40
623,11,2055:AL:SCAN,0.3738077553991118,0.017498935415087118,D,1w,SMS-20.0in,40
625,11,2173:AL:SCAN,0.336714781258227,0.03362687851699107,B,1w,SMS-2.0in,40
626,11,2173:AL:SCAN,0.7138251490482923,2.3283485066920454e-07,B,1w,SMS-4.0in,40
627,11,2173:AL:SCAN,0.4417247269088219,0.004323851538308904,D,1w,SMS-8.0in,40
628,11,2173:AL:SCAN,0.5924805694999529,5.629961386993116e-05,D,1w,SMS-20.0in,40
629,11,2173:AL:SCAN,0.7099168579133088,2.899419578311608e-07,D,1w,SMS-40.0in,40
630,11,2180:AL:SCAN,0.5605438357817204,0.01014477795848519,A,1w,SMS-2.0in,20
631,11,2180:AL:SCAN,0.6689550529192649,0.0012590514541746358,A,1w,SMS-4.0in,20
633,11,2180:AL:SCAN,0.468360790981504,0.03726902298330289,A,1w,SMS-20.0in,20
635,11,2114:AL:SCAN,0.43203892777934694,0.006755265528325568,B,1w,SMS-2.0in,38
636,11,2114:AL:SCAN,0.6389076823060722,1.581817775990889e-05,D,1w,SMS-4.0in,38
637,11,2114:AL:SCAN,0.5812202427816977,0.00012997933182233576,D,1w,SMS-8.0in,38
638,11,2114:AL:SCAN,0.5512933472727275,0.0003341996125679772,D,1w,SMS-20.0in,38
639,11,2114:AL:SCAN,0.34086095798736715,0.0362429992297182,D,1w,SMS-40.0in,38
640,11,2178:AL:SCAN,0.7504656538708587,0.0003333136112486409,A,1w,SMS-2.0in,18
641,11,2178:AL:SCAN,0.7577538394301848,0.0002696506602296473,A,1w,SMS-4.0in,18
642,11,2178:AL:SCAN,0.6633592044876608,0.002689434094795669,A,1w,SMS-8.0in,18
643,11,2178:AL:SCAN,0.8374999760146621,1.4487008791751991e-05,A,1w,SMS-20.0in,18
644,11,2178:AL:SCAN,0.7673344031080743,0.00020180218049388945,B,1w,SMS-40.0in,18
655,11,2176:AL:SCAN,0.7719543503953052,9.95078487183029e-06,A,1w,SMS-2.0in,24
656,11,2176:AL:SCAN,0.8171376260934644,1.1003217305897034e-06,A,1w,SMS-4.0in,24
657,11,2176:AL:SCAN,0.7342437530471406,4.416826843574218e-05,A,1w,SMS-8.0in,24
658,11,2176:AL:SCAN,0.583984877666498,0.0027338742290990933,A,1w,SMS-20.0in,24
660,11,2056:AL:SCAN,0.6069352158261224,1.2552146350702991e-05,B,1w,SMS-2.0in,44
661,11,2056:AL:SCAN,0.7325709665770687,1.579848737064392e-08,B,1w,SMS-4.0in,44
662,11,2056:AL:SCAN,0.5305096735501235,0.0002120054892990342,D,1w,SMS-8.0in,44
663,11,2056:AL:SCAN,0.5608407691186701,7.500070315651058e-05,D,1w,SMS-20.0in,44
665,11,2115:AL:SCAN,0.609194814336367,4.32830131983607e-06,A,1w,SMS-2.0in,48
666,11,2115:AL:SCAN,0.3197165332169563,0.026748245155799714,A,1w,SMS-4.0in,48
667,11,2115:AL:SCAN,0.2944774294079257,0.04218238847521253,A,1w,SMS-8.0in,48
668,11,2115:AL:SCAN,0.47640033230279477,0.0006196104643971847,C,1w,SMS-20.0in,48
669,11,2115:AL:SCAN,0.5923622821230021,9.193235446571255e-06,D,1w,SMS-40.0in,48
672,11,2175:AL:SCAN,-0.49924872409036675,0.029540635794433452,B,1w,SMS-8.0in,19
675,11,2053:AL:SCAN,0.5102901230697056,0.0005554834739842785,D,1w,SMS-2.0in,42
676,11,2053:AL:SCAN,0.6050129893769197,2.194003300404817e-05,B,1w,SMS-4.0in,42
677,11,2053:AL:SCAN,0.4772771448362675,0.0013934251917775125,B,1w,SMS-8.0in,42
679,11,2053:AL:SCAN,0.5451444266895533,0.0001891131768309545,D,1w,SMS-40.0in,42
680,12,2057:AL:SCAN,0.26542677090391364,0.032605430592774536,D,1w,SMS-2.0in,65
685,12,2078:AL:SCAN,0.39172057744399,0.01650018163234697,D,1w,SMS-2.0in,37
686,12,2078:AL:SCAN,0.3557760879397282,0.030688461496588867,B,1w,SMS-4.0in,37
687,12,2078:AL:SCAN,0.4122329535582879,0.011234580799557565,D,1w,SMS-8.0in,37
688,12,2078:AL:SCAN,0.5214711812178694,0.000933868295492926,D,1w,SMS-20.0in,37
699,12,2113:AL:SCAN,0.399027662985992,0.00975647572321834,B,1w,SMS-40.0in,41
710,12,2173:AL:SCAN,-0.42459521699485603,0.006318759901047239,B,1w,SMS-2.0in,40
757,12,2175:AL:SCAN,-0.5776183297538862,0.015172717834467215,B,1w,SMS-8.0in,17
758,12,2175:AL:SCAN,-0.5144986247002388,0.03459297736146137,B,1w,SMS-20.0in,17
762,12,2053:AL:SCAN,0.3120992779757349,0.03270430883280303,B,1w,SMS-8.0in,47
767,1,2057:AL:SCAN,-0.2604256713952945,0.03196320302217253,D,1w,SMS-8.0in,68
768,1,2057:AL:SCAN,-0.32730000044455404,0.006441357207542166,D,1w,SMS-20.0in,68
775,1,2177:AL:SCAN,0.5577727821018692,0.04762297333793251,D,1w,SMS-2.0in,13
780,1,2113:AL:SCAN,0.35382096020625226,0.01710647796900552,A,1w,SMS-2.0in,45
790,1,2055:AL:SCAN,0.28141266450516694,0.04327863531753109,B,1w,SMS-2.0in,52
791,1,2055:AL:SCAN,0.2846043745204903,0.04086233496064715,B,1w,SMS-4.0in,52
809,1,2114:AL:SCAN,0.30034976796284796,0.03806157784852546,D,1w,SMS-40.0in,48
830,1,2056:AL:SCAN,0.331005989258349,0.026351279496547694,B,1w,SMS-2.0in,45
839,1,2115:AL:SCAN,-0.31100215679990106,0.029624857788646982,D,1w,SMS-40.0in,49
857,2,2078:AL:SCAN,0.43076189512955676,0.006938470010116305,D,1w,SMS-8.0in,38
874,2,2174:AL:SCAN,-0.44844972200090427,0.014690932008674978,D,1w,SMS-40.0in,29
885,2,2180:AL:SCAN,0.5754028540877659,0.009946493186680467,A,1w,SMS-2.0in,19
886,2,2180:AL:SCAN,0.5256902291907105,0.020797567991011245,A,1w,SMS-4.0in,19
887,2,2180:AL:SCAN,0.5285663080258028,0.01998616565814138,A,1w,SMS-8.0in,19
888,2,2180:AL:SCAN,0.6008023934596488,0.006521311631558994,A,1w,SMS-20.0in,19
899,2,2178:AL:SCAN,-0.5240342059818807,0.025595911806973237,B,1w,SMS-40.0in,18
900,2,2181:AL:SCAN,0.8115217126091248,0.026686141100871846,A,1w,SMS-2.0in,7
902,2,2181:AL:SCAN,0.8462977240694918,0.016346482997173763,A,1w,SMS-8.0in,7
903,2,2181:AL:SCAN,0.7755426300656328,0.04045425254243753,A,1w,SMS-20.0in,7
905,2,2182:AL:SCAN,0.599752807385952,0.0019499625045806596,A,1w,SMS-2.0in,24
906,2,2182:AL:SCAN,0.4409739656694807,0.031010885761564255,A,1w,SMS-4.0in,24
910,2,2176:AL:SCAN,0.4473680766741792,0.04200677579823945,A,1w,SMS-2.0in,21
911,2,2176:AL:SCAN,0.5144389939921981,0.0170327432958293,A,1w,SMS-4.0in,21
912,2,2176:AL:SCAN,0.4937456396913679,0.02291984360337655,A,1w,SMS-8.0in,21
920,2,2115:AL:SCAN,0.3753405081225476,0.014310690028208667,A,1w,SMS-2.0in,42
921,2,2115:AL:SCAN,0.46117199582000895,0.0021133606760027524,A,1w,SMS-4.0in,42
922,2,2115:AL:SCAN,0.3904556855776671,0.010574603669863736,A,1w,SMS-8.0in,42
930,2,2053:AL:SCAN,0.3388926420634952,0.01846190644263847,D,1w,SMS-2.0in,48
931,2,2053:AL:SCAN,0.4042609779000156,0.0043757818403760505,B,1w,SMS-4.0in,48
934,2,2053:AL:SCAN,0.32029034379202126,0.026461479152544057,D,1w,SMS-40.0in,48
945,3,2177:AL:SCAN,-0.6253320339267316,0.02966387717849629,D,1w,SMS-2.0in,12
955,3,2174:AL:SCAN,0.34551559178366836,0.04890340527543105,D,1w,SMS-2.0in,33
957,3,2174:AL:SCAN,0.3727990529121134,0.03262292258996602,D,1w,SMS-8.0in,33
960,3,2055:AL:SCAN,0.408628727157405,0.018225727696384825,B,1w,SMS-2.0in,33
962,3,2055:AL:SCAN,0.35089033302086,0.04526756520321656,B,1w,SMS-8.0in,33
967,3,2173:AL:SCAN,0.4081041831788292,0.034581325303856936,D,1w,SMS-8.0in,27
1002,3,2056:AL:SCAN,0.3540878679317704,0.02498632481267912,D,1w,SMS-8.0in,40
1010,3,2175:AL:SCAN,0.593118389924225,0.019778403153147175,B,1w,SMS-2.0in,15
1011,3,2175:AL:SCAN,0.5962472977768157,0.01897754813233401,B,1w,SMS-4.0in,15
1013,3,2175:AL:SCAN,0.5516673730350745,0.03301126061174036,B,1w,SMS-20.0in,15
1020,4,2057:AL:SCAN,0.39378410297719246,0.02336691250784998,D,2w,SMS-2.0in,33
1021,4,2057:AL:SCAN,0.37754507659059905,0.03030446274279721,D,2w,SMS-4.0in,33
1022,4,2057:AL:SCAN,0.3950872236258788,0.022872362566061108,D,2w,SMS-8.0in,33
1023,4,2057:AL:SCAN,0.4156486943236668,0.01614458262904632,D,2w,SMS-20.0in,33
1024,4,2057:AL:SCAN,0.3731139521817153,0.03246475027330514,D,2w,SMS-40.0in,33
1025,4,2078:AL:SCAN,0.5289936747423148,0.006549768667512115,D,2w,SMS-2.0in,25
1026,4,2078:AL:SCAN,0.49378093187690003,0.012121620596879955,B,2w,SMS-4.0in,25
1035,4,2113:AL:SCAN,0.4865606666487642,0.025306604658454634,A,2w,SMS-2.0in,21
1040,4,2174:AL:SCAN,0.551421361449602,0.02176075518896284,D,2w,SMS-2.0in,17
1041,4,2174:AL:SCAN,0.6864462764828765,0.002340729595483462,D,2w,SMS-4.0in,17
1042,4,2174:AL:SCAN,0.5466226461308406,0.02317749770226512,D,2w,SMS-8.0in,17
1045,4,2055:AL:SCAN,0.45449571778931924,0.0224614502261586,B,2w,SMS-2.0in,25
1047,4,2055:AL:SCAN,0.41109105018939884,0.04120257135940786,B,2w,SMS-8.0in,25
1048,4,2055:AL:SCAN,0.43961758915161153,0.02788484913247389,D,2w,SMS-20.0in,25
1051,4,2173:AL:SCAN,0.48459558422590165,0.048679820811734345,B,2w,SMS-4.0in,17
1052,4,2173:AL:SCAN,0.7090741146474534,0.0014368975868944524,D,2w,SMS-8.0in,17
1057,4,2180:AL:SCAN,0.6812810686138916,0.04331533656382758,A,2w,SMS-8.0in,9
1100,4,2053:AL:SCAN,0.5162372217269904,0.006937931221374989,D,2w,SMS-2.0in,26
1101,4,2053:AL:SCAN,0.5933527247328075,0.0013980313917063146,B,2w,SMS-4.0in,26
1117,5,2177:AL:SCAN,0.7579113208034505,0.04837382664251585,D,2w,SMS-8.0in,7
1137,5,2173:AL:SCAN,0.8045757051620015,9.844624319735409e-05,D,2w,SMS-8.0in,17
1139,5,2173:AL:SCAN,0.507279017422304,0.03766535682595293,D,2w,SMS-40.0in,17
1145,5,2114:AL:SCAN,0.48296806398232844,0.03100087773816663,B,2w,SMS-2.0in,20
1148,5,2114:AL:SCAN,0.5367428664085498,0.014685139618911033,D,2w,SMS-20.0in,20
1149,5,2114:AL:SCAN,0.5134015776332423,0.02060018114142952,D,2w,SMS-40.0in,20
1152,5,2178:AL:SCAN,0.7220556732920043,0.008007921231869051,A,2w,SMS-8.0in,12
1156,5,2181:AL:SCAN,0.9511857974753213,0.012851309981198602,A,2w,SMS-4.0in,5
1157,5,2181:AL:SCAN,0.9042718028990214,0.03503944537424288,A,2w,SMS-8.0in,5
1158,5,2181:AL:SCAN,0.8896036469454454,0.043295262616284115,A,2w,SMS-20.0in,5
1159,5,2181:AL:SCAN,0.9392105721959134,0.017826896610785552,C,2w,SMS-40.0in,5
1175,5,2115:AL:SCAN,0.6025875267173723,0.001831652601832056,A,2w,SMS-2.0in,24
1176,5,2115:AL:SCAN,0.6004779062803285,0.0019190966656440823,A,2w,SMS-4.0in,24
1177,5,2115:AL:SCAN,0.5778633064744524,0.0031030941698448854,A,2w,SMS-8.0in,24
1178,5,2115:AL:SCAN,0.5825373466682989,0.002817631217708176,C,2w,SMS-20.0in,24
1186,5,2053:AL:SCAN,0.3966375250116177,0.04484089813874395,B,2w,SMS-4.0in,26
1187,5,2053:AL:SCAN,0.48853478290424135,0.011331329269205985,B,2w,SMS-8.0in,26
1200,6,2177:AL:SCAN,0.8227949806200088,0.04432016609790499,D,2w,SMS-2.0in,6
1204,6,2177:AL:SCAN,0.8967834655679457,0.015430662900418064,D,2w,SMS-40.0in,6
1215,6,2055:AL:SCAN,0.46093896798461437,0.04080972999415814,B,2w,SMS-2.0in,20
1221,6,2173:AL:SCAN,0.546972524853554,0.03484889779531629,B,2w,SMS-4.0in,15
1230,6,2114:AL:SCAN,0.5207434251511587,0.012961045985146072,B,2w,SMS-2.0in,22
1233,6,2114:AL:SCAN,0.7004217978976931,0.00028356328135245134,D,2w,SMS-20.0in,22
1234,6,2114:AL:SCAN,0.6793747692502558,0.0005065171450788669,D,2w,SMS-40.0in,22
1255,6,2056:AL:SCAN,0.42007436882674215,0.0459685613819554,B,2w,SMS-2.0in,23
1256,6,2056:AL:SCAN,0.5462162032118255,0.007007650617675811,B,2w,SMS-4.0in,23
1258,6,2056:AL:SCAN,0.486342740851668,0.018616124372504764,D,2w,SMS-20.0in,23
1270,6,2053:AL:SCAN,0.5514596692641154,0.006378431675879214,D,2w,SMS-2.0in,23
1271,6,2053:AL:SCAN,0.6152038755754003,0.0017818708202582733,B,2w,SMS-4.0in,23
1272,6,2053:AL:SCAN,0.6353201254159988,0.0011244046291662522,B,2w,SMS-8.0in,23
1273,6,2053:AL:SCAN,0.527650162643038,0.009664806352479332,D,2w,SMS-20.0in,23
1274,6,2053:AL:SCAN,0.5280475915964775,0.009600289234892471,D,2w,SMS-40.0in,23
1275,7,2057:AL:SCAN,0.4403253037768795,0.003520233014473248,D,2w,SMS-2.0in,42
1279,7,2057:AL:SCAN,0.3942966213721732,0.009770714932552264,D,2w,SMS-40.0in,42
1285,7,2177:AL:SCAN,0.7581075668613192,0.048281382535715685,D,2w,SMS-2.0in,7
1300,7,2055:AL:SCAN,0.699153529016594,0.005393247560977837,B,2w,SMS-2.0in,14
1301,7,2055:AL:SCAN,0.5450238005658119,0.0438487775606352,B,2w,SMS-4.0in,14
1302,7,2055:AL:SCAN,0.6367947582417586,0.014327374011765698,B,2w,SMS-8.0in,14
1303,7,2055:AL:SCAN,0.5619025789428488,0.036506790662472914,D,2w,SMS-20.0in,14
1305,7,2173:AL:SCAN,-0.5222456029587065,0.02180341372061788,B,2w,SMS-2.0in,19
1315,7,2114:AL:SCAN,0.7015352141646668,6.51904271770312e-05,B,2w,SMS-2.0in,26
1316,7,2114:AL:SCAN,0.40177268325348603,0.04189786234501243,D,2w,SMS-4.0in,26
1318,7,2114:AL:SCAN,0.6185888365799451,0.0007557807204307807,D,2w,SMS-20.0in,26
1319,7,2114:AL:SCAN,0.6493494886251647,0.0003314781653813633,D,2w,SMS-40.0in,26
1344,7,2056:AL:SCAN,0.48011299263066043,0.013053512166340117,D,2w,SMS-40.0in,26
1345,7,2115:AL:SCAN,0.4437314983276142,0.01801655861886645,A,2w,SMS-2.0in,28
1349,7,2115:AL:SCAN,0.5834598542881615,0.0011179136611655152,D,2w,SMS-40.0in,28
1383,8,2174:AL:SCAN,0.5416140568846244,0.024731533842201163,D,2w,SMS-20.0in,17
1393,8,2173:AL:SCAN,-0.5608082141948314,0.023826697072785633,D,2w,SMS-20.0in,16
1407,8,2178:AL:SCAN,-0.5056757481683084,0.04568453384573397,A,2w,SMS-8.0in,16
1425,8,2056:AL:SCAN,0.4464966247068547,0.032699581674227006,B,2w,SMS-2.0in,23
1427,8,2056:AL:SCAN,0.5351034580991715,0.008512715579975594,D,2w,SMS-8.0in,23
1428,8,2056:AL:SCAN,0.4320955792299673,0.039490704637969436,D,2w,SMS-20.0in,23
1429,8,2056:AL:SCAN,0.4629767868268372,0.026100887762536103,D,2w,SMS-40.0in,23
1445,9,2057:AL:SCAN,0.4285291797314849,0.009118328165956148,D,2w,SMS-2.0in,36
1450,9,2078:AL:SCAN,0.6171642265388865,0.0028782920486131697,D,2w,SMS-2.0in,21
1453,9,2078:AL:SCAN,0.48275621329441426,0.026647988120276588,D,2w,SMS-20.0in,21
1455,9,2177:AL:SCAN,0.7852584132978483,0.0364219091628476,D,2w,SMS-2.0in,7
1456,9,2177:AL:SCAN,0.8013986269616766,0.03023896412588687,D,2w,SMS-4.0in,7
1457,9,2177:AL:SCAN,0.7734371538620395,0.04135906549069949,D,2w,SMS-8.0in,7
1458,9,2177:AL:SCAN,0.9284311292432978,0.0025316674035072346,D,2w,SMS-20.0in,7
1459,9,2177:AL:SCAN,0.9479645620443987,0.0011534179539487554,D,2w,SMS-40.0in,7
1460,9,2113:AL:SCAN,0.5294261554207188,0.009379245937898854,A,2w,SMS-2.0in,23
1463,9,2113:AL:SCAN,0.5384596677636123,0.008032381548601895,B,2w,SMS-20.0in,23
1465,9,2174:AL:SCAN,0.5137035200745322,0.029209681717412273,D,2w,SMS-2.0in,18
1467,9,2174:AL:SCAN,0.5200449937769424,0.026947518034488402,D,2w,SMS-8.0in,18
1468,9,2174:AL:SCAN,0.6960772926019659,0.0013340755537236087,D,2w,SMS-20.0in,18
1475,9,2173:AL:SCAN,0.6050872639739393,0.0100655360346589,B,2w,SMS-2.0in,17
1476,9,2173:AL:SCAN,0.6224797319142388,0.0076156096326712025,B,2w,SMS-4.0in,17
1477,9,2173:AL:SCAN,0.48422156993303367,0.04887968063019887,D,2w,SMS-8.0in,17
1485,9,2114:AL:SCAN,0.7794262702055543,0.00013724271469521592,B,2w,SMS-2.0in,18
1486,9,2114:AL:SCAN,0.5746392328765613,0.012616154112213522,D,2w,SMS-4.0in,18
1487,9,2114:AL:SCAN,0.481458644577383,0.04307417717654108,D,2w,SMS-8.0in,18
1488,9,2114:AL:SCAN,0.6054397151917204,0.007754153928625237,D,2w,SMS-20.0in,18
1489,9,2114:AL:SCAN,0.6884894795101957,0.0015818090426648473,D,2w,SMS-40.0in,18
1492,9,2178:AL:SCAN,0.8043708145779584,0.0002998458981218739,A,2w,SMS-8.0in,15
1493,9,2178:AL:SCAN,0.6126844506490507,0.015170588065495693,A,2w,SMS-20.0in,15
1499,9,2181:AL:SCAN,0.8254116942583822,0.022213380432597102,C,2w,SMS-40.0in,7
1503,9,2182:AL:SCAN,0.7571880169818118,0.018144820956862113,A,2w,SMS-20.0in,9
1505,9,2176:AL:SCAN,0.6812013523645563,0.021004278964426484,A,2w,SMS-2.0in,11
1506,9,2176:AL:SCAN,0.8327792215649753,0.0014617150722357566,A,2w,SMS-4.0in,11
1507,9,2176:AL:SCAN,0.8003278215379077,0.0030891169714824356,A,2w,SMS-8.0in,11
1511,9,2056:AL:SCAN,0.5230414138953607,0.012498052824908226,B,2w,SMS-4.0in,22
1512,9,2056:AL:SCAN,0.5473256325661533,0.008379107066478354,D,2w,SMS-8.0in,22
1513,9,2056:AL:SCAN,0.6095717171687588,0.0025976431264587646,D,2w,SMS-20.0in,22
1515,9,2115:AL:SCAN,0.5434816981031748,0.0033913336646519427,A,2w,SMS-2.0in,27
1519,9,2115:AL:SCAN,0.41966217404487716,0.029318143234539712,D,2w,SMS-40.0in,27
1521,9,2175:AL:SCAN,0.7943879010766218,0.003492458183298786,B,2w,SMS-4.0in,11
1522,9,2175:AL:SCAN,0.7501517812589377,0.007832842808122475,B,2w,SMS-8.0in,11
1523,9,2175:AL:SCAN,0.8709864469577046,0.000482011174139429,B,2w,SMS-20.0in,11
1524,9,2175:AL:SCAN,0.8783542912705713,0.0003740581442273132,D,2w,SMS-40.0in,11
1525,9,2053:AL:SCAN,0.42577728485092414,0.042799378362875784,D,2w,SMS-2.0in,23
1527,9,2053:AL:SCAN,0.5147019155202703,0.011970972819529633,B,2w,SMS-8.0in,23
1528,9,2053:AL:SCAN,0.4383292113306345,0.036426736074083456,D,2w,SMS-20.0in,23
1529,9,2053:AL:SCAN,0.5807052414225893,0.0036677704655743238,D,2w,SMS-40.0in,23
1530,10,2057:AL:SCAN,0.561812216375037,0.0004449212434197713,D,2w,SMS-2.0in,35
1531,10,2057:AL:SCAN,0.4204188192369239,0.011914825231033687,D,2w,SMS-4.0in,35
1532,10,2057:AL:SCAN,0.44465589010622075,0.007444368120316479,D,2w,SMS-8.0in,35
1533,10,2057:AL:SCAN,0.5005675335317837,0.0021950279326047118,D,2w,SMS-20.0in,35
1534,10,2057:AL:SCAN,0.399440081632941,0.017444457217079636,D,2w,SMS-40.0in,35
1535,10,2078:AL:SCAN,0.5775026203361121,0.004886028033951874,D,2w,SMS-2.0in,22
1543,10,2177:AL:SCAN,0.6746752939133493,0.04620364931928761,D,2w,SMS-20.0in,9
1544,10,2177:AL:SCAN,0.6708914256828271,0.047912315847029874,D,2w,SMS-40.0in,9
1545,10,2113:AL:SCAN,0.5566670930148441,0.008767293940347847,A,2w,SMS-2.0in,21
1546,10,2113:AL:SCAN,0.5252676434775604,0.014477706642582605,A,2w,SMS-4.0in,21
1547,10,2113:AL:SCAN,0.5825202540183704,0.005589229230663339,A,2w,SMS-8.0in,21
1548,10,2113:AL:SCAN,0.5086956822823336,0.018528291722406675,B,2w,SMS-20.0in,21
1549,10,2113:AL:SCAN,0.6224561249689526,0.0025833187653964097,B,2w,SMS-40.0in,21
1550,10,2174:AL:SCAN,0.5717315123985327,0.008446373157353828,D,2w,SMS-2.0in,20
1551,10,2174:AL:SCAN,0.5999499759471251,0.005167628177351423,D,2w,SMS-4.0in,20
1552,10,2174:AL:SCAN,0.690139471375971,0.0007580197477216215,D,2w,SMS-8.0in,20
1555,10,2055:AL:SCAN,0.5003743049165743,0.010853580975053555,B,2w,SMS-2.0in,25
1556,10,2055:AL:SCAN,0.48312720068570847,0.01442771927984705,B,2w,SMS-4.0in,25
1557,10,2055:AL:SCAN,0.49199986341464813,0.012484394525823691,B,2w,SMS-8.0in,25
1558,10,2055:AL:SCAN,0.42255650234757575,0.03534966775460166,D,2w,SMS-20.0in,25
1560,10,2173:AL:SCAN,0.4640209854253087,0.034096881420301865,B,2w,SMS-2.0in,21
1562,10,2173:AL:SCAN,0.47944802541531106,0.02785964406486053,D,2w,SMS-8.0in,21
1564,10,2173:AL:SCAN,0.5068760319473553,0.01902350891927901,D,2w,SMS-40.0in,21
1570,10,2114:AL:SCAN,0.7838675330900348,4.3251307914807505e-05,B,2w,SMS-2.0in,20
1571,10,2114:AL:SCAN,0.7922903033048817,3.126521662393361e-05,D,2w,SMS-4.0in,20
1572,10,2114:AL:SCAN,0.6676028353220649,0.0012987649056225767,D,2w,SMS-8.0in,20
1573,10,2114:AL:SCAN,0.7241985990839584,0.00030554597941635027,D,2w,SMS-20.0in,20
1574,10,2114:AL:SCAN,0.6215043394498798,0.0034423434809523197,D,2w,SMS-40.0in,20
1577,10,2178:AL:SCAN,0.7525019812614222,0.007534564365010211,A,2w,SMS-8.0in,11
1581,10,2181:AL:SCAN,0.9648381300157226,0.00787295684496179,A,2w,SMS-4.0in,5
1585,10,2182:AL:SCAN,0.8314526918705275,0.001511559289114942,A,2w,SMS-2.0in,11
1586,10,2182:AL:SCAN,0.6549157924988531,0.028743058985287673,A,2w,SMS-4.0in,11
1587,10,2182:AL:SCAN,0.6369135449866996,0.03507933057079923,A,2w,SMS-8.0in,11
1588,10,2182:AL:SCAN,0.7130025691420829,0.013778102797278018,A,2w,SMS-20.0in,11
1589,10,2182:AL:SCAN,0.7221674204311366,0.012081567259538913,A,2w,SMS-40.0in,11
1590,10,2176:AL:SCAN,0.6159169846230957,0.019016439870062043,A,2w,SMS-2.0in,14
1591,10,2176:AL:SCAN,0.5456697084552707,0.043549416495824625,A,2w,SMS-4.0in,14
1592,10,2176:AL:SCAN,0.5624277576649216,0.03629398318597374,A,2w,SMS-8.0in,14
1595,10,2056:AL:SCAN,0.5312022596409091,0.013214847247956598,B,2w,SMS-2.0in,21
1596,10,2056:AL:SCAN,0.4976697850579366,0.02169417914987517,B,2w,SMS-4.0in,21
1597,10,2056:AL:SCAN,0.48034268022904425,0.027527752278335055,D,2w,SMS-8.0in,21
1598,10,2056:AL:SCAN,0.5855832425387679,0.0052860818807047225,D,2w,SMS-20.0in,21
1599,10,2056:AL:SCAN,0.503772467159034,0.01989259574603088,D,2w,SMS-40.0in,21
1600,10,2115:AL:SCAN,0.6477904972772147,0.0001938952773009785,A,2w,SMS-2.0in,28
1601,10,2115:AL:SCAN,0.47757776965637644,0.010167174538538534,A,2w,SMS-4.0in,28
1602,10,2115:AL:SCAN,0.4759136767696514,0.010471025094841088,A,2w,SMS-8.0in,28
1603,10,2115:AL:SCAN,0.4959176199548808,0.007279285084851426,C,2w,SMS-20.0in,28
1604,10,2115:AL:SCAN,0.6258211257052467,0.0003683248309780525,D,2w,SMS-40.0in,28
1606,10,2175:AL:SCAN,0.7398173012404159,0.009247734327434372,B,2w,SMS-4.0in,11
1607,10,2175:AL:SCAN,0.7441134009570093,0.008638710284838383,B,2w,SMS-8.0in,11
1608,10,2175:AL:SCAN,0.8142464634990794,0.0022800403022484074,B,2w,SMS-20.0in,11
1609,10,2175:AL:SCAN,0.8658796923859605,0.0005696193613516569,D,2w,SMS-40.0in,11
1610,10,2053:AL:SCAN,0.46944966272776395,0.0317883288208456,D,2w,SMS-2.0in,21
1611,10,2053:AL:SCAN,0.8155792350739911,6.6270983296189945e-06,B,2w,SMS-4.0in,21
1612,10,2053:AL:SCAN,0.6104344727611949,0.00329364388328433,B,2w,SMS-8.0in,21
1614,10,2053:AL:SCAN,0.7684874476320341,4.7151251673216646e-05,D,2w,SMS-40.0in,21
1615,11,2057:AL:SCAN,0.4608314354291799,0.00533648110030673,D,2w,SMS-2.0in,35
1616,11,2057:AL:SCAN,0.4155760896822904,0.01303783817665214,D,2w,SMS-4.0in,35
1617,11,2057:AL:SCAN,0.3507280732191113,0.03885562567075023,D,2w,SMS-8.0in,35
1620,11,2078:AL:SCAN,0.56317876959941,0.012047698703191658,D,2w,SMS-2.0in,19
1621,11,2078:AL:SCAN,0.6984144425703692,0.0008810693228877857,B,2w,SMS-4.0in,19
1622,11,2078:AL:SCAN,0.6729149318602075,0.0015923523211394978,D,2w,SMS-8.0in,19
1625,11,2177:AL:SCAN,0.88789143159814,0.003233004369168077,D,2w,SMS-2.0in,8
1626,11,2177:AL:SCAN,0.7703018826177466,0.025318142844028828,D,2w,SMS-4.0in,8
1629,11,2177:AL:SCAN,0.9078391322563839,0.0018241773502687814,D,2w,SMS-40.0in,8
1630,11,2113:AL:SCAN,0.6500311828636598,0.0025883426169232573,A,2w,SMS-2.0in,19
1631,11,2113:AL:SCAN,0.7341108475228643,0.0003457712361283338,A,2w,SMS-4.0in,19
1632,11,2113:AL:SCAN,0.8166030270413965,1.995487514566356e-05,A,2w,SMS-8.0in,19
1634,11,2113:AL:SCAN,0.6014718546189789,0.006446166788890316,B,2w,SMS-40.0in,19
1635,11,2174:AL:SCAN,0.6582877226106687,0.0040656884060954026,D,2w,SMS-2.0in,17
1636,11,2174:AL:SCAN,0.5295486042169212,0.028806715843265173,D,2w,SMS-4.0in,17
1637,11,2174:AL:SCAN,0.5395043829476013,0.025409760657942947,D,2w,SMS-8.0in,17
1640,11,2055:AL:SCAN,0.4688779866585874,0.02082122172662731,B,2w,SMS-2.0in,24
1642,11,2055:AL:SCAN,0.5221444914981064,0.008863714183152351,B,2w,SMS-8.0in,24
1643,11,2055:AL:SCAN,0.47155127976710587,0.020008231822991135,D,2w,SMS-20.0in,24
1645,11,2173:AL:SCAN,0.48617800436380104,0.02543904834282994,B,2w,SMS-2.0in,21
1646,11,2173:AL:SCAN,0.7506669190808679,8.838616921394599e-05,B,2w,SMS-4.0in,21
1647,11,2173:AL:SCAN,0.5193993511405817,0.015820713605632388,D,2w,SMS-8.0in,21
1648,11,2173:AL:SCAN,0.6421020589046926,0.0016996057253773752,D,2w,SMS-20.0in,21
1649,11,2173:AL:SCAN,0.6259329708750557,0.0024036583776473356,D,2w,SMS-40.0in,21
1650,11,2180:AL:SCAN,0.7565613599778589,0.011316020543365063,A,2w,SMS-2.0in,10
1651,11,2180:AL:SCAN,0.8484941364927231,0.0019119263032895152,A,2w,SMS-4.0in,10
1655,11,2114:AL:SCAN,0.47433939694503535,0.03459441085256242,B,2w,SMS-2.0in,20
1656,11,2114:AL:SCAN,0.778945837037942,5.1945699403656286e-05,D,2w,SMS-4.0in,20
1657,11,2114:AL:SCAN,0.6918806230221889,0.0007257252662742331,D,2w,SMS-8.0in,20
1658,11,2114:AL:SCAN,0.6283629135293987,0.003006320366881915,D,2w,SMS-20.0in,20
1662,11,2178:AL:SCAN,0.7373487482009586,0.023384792956902597,A,2w,SMS-8.0in,9
1663,11,2178:AL:SCAN,0.70689681405364,0.0332211711414177,A,2w,SMS-20.0in,9
1675,11,2176:AL:SCAN,0.8458901702523892,0.0005253696777935038,A,2w,SMS-2.0in,12
1676,11,2176:AL:SCAN,0.8864142372015745,0.00012269579551679884,A,2w,SMS-4.0in,12
1677,11,2176:AL:SCAN,0.7705233658523882,0.0033589155716522707,A,2w,SMS-8.0in,12
1678,11,2176:AL:SCAN,0.6406041710498158,0.024812154062107145,A,2w,SMS-20.0in,12
1680,11,2056:AL:SCAN,0.6385254736402741,0.0018380796066893542,B,2w,SMS-2.0in,21
1681,11,2056:AL:SCAN,0.6739823798916573,0.0008079664041802291,B,2w,SMS-4.0in,21
1682,11,2056:AL:SCAN,0.6092677822552627,0.0033705042802826568,D,2w,SMS-8.0in,21
1683,11,2056:AL:SCAN,0.6637144657815028,0.0010362698321019622,D,2w,SMS-20.0in,21
1685,11,2115:AL:SCAN,0.5947447372119172,0.0008442099454642124,A,2w,SMS-2.0in,28
1688,11,2115:AL:SCAN,0.48680459729598785,0.008613138554667164,C,2w,SMS-20.0in,28
1689,11,2115:AL:SCAN,0.6429465690769774,0.00022431755629654906,D,2w,SMS-40.0in,28
1692,11,2175:AL:SCAN,-0.640976929346132,0.04581688193941899,B,2w,SMS-8.0in,10
1696,11,2053:AL:SCAN,0.5475342206820966,0.0068448326088764114,B,2w,SMS-4.0in,23
1699,11,2053:AL:SCAN,0.5687109918882453,0.0046301084459799795,D,2w,SMS-40.0in,23
1705,12,2078:AL:SCAN,0.5208226434501863,0.012944855899151125,D,2w,SMS-2.0in,22
1706,12,2078:AL:SCAN,0.435642486991972,0.042704575957254645,B,2w,SMS-4.0in,22
1707,12,2078:AL:SCAN,0.5218214467102782,0.012742138011506407,D,2w,SMS-8.0in,22
1708,12,2078:AL:SCAN,0.6111161029425135,0.002515570963479417,D,2w,SMS-20.0in,22
1710,12,2177:AL:SCAN,0.7328584364886647,0.024694940829413547,D,2w,SMS-2.0in,9
1714,12,2177:AL:SCAN,0.6913252094961467,0.039150611983645216,D,2w,SMS-40.0in,9
1730,12,2173:AL:SCAN,-0.43982587930523726,0.046027113440844585,B,2w,SMS-2.0in,21
1734,12,2173:AL:SCAN,0.4599751265670787,0.03590133583630425,D,2w,SMS-40.0in,21
1745,12,2178:AL:SCAN,0.7671966677898189,0.02629222346400442,A,2w,SMS-2.0in,8
1746,12,2178:AL:SCAN,0.7863954984164999,0.02062862738454178,A,2w,SMS-4.0in,8
1748,12,2178:AL:SCAN,0.7225621033598121,0.04289489304877739,A,2w,SMS-20.0in,8
1766,12,2056:AL:SCAN,0.4156730778264382,0.03469323983635183,B,2w,SMS-4.0in,26
1781,12,2053:AL:SCAN,0.5169854533631859,0.006842774513971108,B,2w,SMS-4.0in,26
1782,12,2053:AL:SCAN,0.5979099889260238,0.0012557442198656815,B,2w,SMS-8.0in,26
1784,12,2053:AL:SCAN,0.48079877172954877,0.012905633517884763,D,2w,SMS-40.0in,26
1798,1,2177:AL:SCAN,0.7130717314128434,0.04707623173076864,D,2w,SMS-20.0in,8
1810,1,2055:AL:SCAN,0.44896540972111165,0.024367487165639485,B,2w,SMS-2.0in,25
1811,1,2055:AL:SCAN,0.47300594755565384,0.016941331524058467,B,2w,SMS-4.0in,25
1825,1,2114:AL:SCAN,0.44838405207003357,0.0318828765499931,B,2w,SMS-2.0in,23
1826,1,2114:AL:SCAN,0.44884994419680085,0.031683794001364646,D,2w,SMS-4.0in,23
1877,2,2078:AL:SCAN,0.6182601684249726,0.0036661652422356073,D,2w,SMS-8.0in,20
1972,3,2113:AL:SCAN,0.48348138282523734,0.019426151073306468,A,2w,SMS-8.0in,23
1974,3,2113:AL:SCAN,0.48350294562014284,0.019419941994610484,B,2w,SMS-40.0in,23
1990,3,2180:AL:SCAN,0.6807197052174343,0.04355614361609007,A,2w,SMS-2.0in,9
2052,5,2177:AL:SCAN,0.9435989756509895,0.015942471453752292,D,3w,SMS-8.0in,5
2070,5,2173:AL:SCAN,0.5994606596863719,0.03938601180158677,B,3w,SMS-2.0in,12
2071,5,2173:AL:SCAN,0.5844411074183433,0.04596923239935372,B,3w,SMS-4.0in,12
2072,5,2173:AL:SCAN,0.8810929252974771,0.00015283388408678325,D,3w,SMS-8.0in,12
2074,5,2173:AL:SCAN,0.6973535441182752,0.011704367908820219,D,3w,SMS-40.0in,12
2080,5,2114:AL:SCAN,0.6151345445547586,0.03326169296046796,B,3w,SMS-2.0in,12
2083,5,2114:AL:SCAN,0.5834815953279171,0.04641454449521304,D,3w,SMS-20.0in,12
2084,5,2114:AL:SCAN,0.5827606740517268,0.046751121750669956,D,3w,SMS-40.0in,12
2087,5,2178:AL:SCAN,0.8253967721369808,0.043067928696668416,A,3w,SMS-8.0in,6
2090,5,2181:AL:SCAN,0.9722059939674768,0.027794006032523244,A,3w,SMS-2.0in,4
2091,5,2181:AL:SCAN,0.9924897013881465,0.007510298611853483,A,3w,SMS-4.0in,4
2094,5,2181:AL:SCAN,0.9940003462239744,0.005999653776025626,C,3w,SMS-40.0in,4
2110,5,2115:AL:SCAN,0.6858963466389543,0.0033524350912760028,A,3w,SMS-2.0in,16
2111,5,2115:AL:SCAN,0.5921760160140901,0.015654669405197004,A,3w,SMS-4.0in,16
2112,5,2115:AL:SCAN,0.5872124355246342,0.016775689303896047,A,3w,SMS-8.0in,16
2113,5,2115:AL:SCAN,0.6485494660750286,0.006575055246222102,C,3w,SMS-20.0in,16
2114,5,2115:AL:SCAN,0.5413381881078964,0.030340970269008494,D,3w,SMS-40.0in,16
2136,6,2177:AL:SCAN,0.9597096390700682,0.04029036092993177,D,3w,SMS-4.0in,4
2148,6,2174:AL:SCAN,0.6249365384243304,0.02979793807919709,D,3w,SMS-20.0in,12
2156,6,2173:AL:SCAN,0.8103109864815469,0.0013931066014445106,B,3w,SMS-4.0in,12
2165,6,2114:AL:SCAN,0.6288565031282789,0.009067302153426935,B,3w,SMS-2.0in,16
2166,6,2114:AL:SCAN,0.6542598496680326,0.005965448835778465,D,3w,SMS-4.0in,16
2168,6,2114:AL:SCAN,0.8491262225065057,3.171168342488608e-05,D,3w,SMS-20.0in,16
2169,6,2114:AL:SCAN,0.6774657639993141,0.003934499522523576,D,3w,SMS-40.0in,16
2191,6,2056:AL:SCAN,0.5402241289227823,0.03762319355036616,B,3w,SMS-4.0in,15
2192,6,2056:AL:SCAN,0.6348847444605576,0.010997154949059633,D,3w,SMS-8.0in,15
2193,6,2056:AL:SCAN,0.8041951286917745,0.00030146374789349835,D,3w,SMS-20.0in,15
2206,6,2053:AL:SCAN,0.5580386050943159,0.019918721582918353,B,3w,SMS-4.0in,17
2207,6,2053:AL:SCAN,0.6563739398335017,0.004212751659336655,B,3w,SMS-8.0in,17
2208,6,2053:AL:SCAN,0.5977015602036767,0.011278983105955483,D,3w,SMS-20.0in,17
2209,6,2053:AL:SCAN,0.5563339493045795,0.020381149508646872,D,3w,SMS-40.0in,17
2223,7,2177:AL:SCAN,0.8828832196556412,0.047258739776758645,D,3w,SMS-20.0in,5
2227,7,2113:AL:SCAN,0.523946943588471,0.03086588611544069,A,3w,SMS-8.0in,17
2231,7,2174:AL:SCAN,-0.603160048692037,0.022403416669893154,D,3w,SMS-4.0in,14
2232,7,2174:AL:SCAN,-0.6193138692718416,0.018183783976220273,D,3w,SMS-8.0in,14
2235,7,2055:AL:SCAN,0.7265137752787478,0.0032510839893429492,B,3w,SMS-2.0in,14
2236,7,2055:AL:SCAN,0.5598521243002217,0.037346481631100124,B,3w,SMS-4.0in,14
2237,7,2055:AL:SCAN,0.7146806983856088,0.004074355473916002,B,3w,SMS-8.0in,14
2238,7,2055:AL:SCAN,0.6749774319740776,0.008085013309585044,D,3w,SMS-20.0in,14
2250,7,2114:AL:SCAN,0.6677568219851808,0.009062423874747321,B,3w,SMS-2.0in,14
2253,7,2114:AL:SCAN,0.7026197294156907,0.005073408395549216,D,3w,SMS-20.0in,14
2254,7,2114:AL:SCAN,0.6686992404878187,0.008929924393278072,D,3w,SMS-40.0in,14
2280,7,2115:AL:SCAN,0.5052173196854906,0.027353262871789387,A,3w,SMS-2.0in,19
2284,7,2115:AL:SCAN,0.6789437559884557,0.0013914845910760192,D,3w,SMS-40.0in,19
2291,7,2053:AL:SCAN,-0.603141661199254,0.03788097920061693,B,3w,SMS-4.0in,12
2306,8,2177:AL:SCAN,0.9783601638463134,0.0038089043208662946,D,3w,SMS-4.0in,5
2307,8,2177:AL:SCAN,0.8872100493416228,0.04469428763421058,D,3w,SMS-8.0in,5
2308,8,2177:AL:SCAN,0.9284574183315879,0.022722937734592004,D,3w,SMS-20.0in,5
2339,8,2114:AL:SCAN,0.5118269566508389,0.03570674136418902,D,3w,SMS-40.0in,17
2362,8,2056:AL:SCAN,0.592579100941683,0.015566264374327225,D,3w,SMS-8.0in,16
2380,9,2057:AL:SCAN,0.5818806496287104,0.0022786870524413674,D,3w,SMS-2.0in,25
2395,9,2113:AL:SCAN,0.7295555931319833,0.0008879225267060402,A,3w,SMS-2.0in,17
2398,9,2113:AL:SCAN,0.5811482000244341,0.014421158696827344,B,3w,SMS-20.0in,17
2403,9,2174:AL:SCAN,0.781441987716531,0.002685163497680693,D,3w,SMS-20.0in,12
2420,9,2114:AL:SCAN,0.6768997817818359,0.011047680536196473,B,3w,SMS-2.0in,13
2423,9,2114:AL:SCAN,0.638368225658843,0.018870161725833185,D,3w,SMS-20.0in,13
2424,9,2114:AL:SCAN,0.8163266859371938,0.0006634520652063432,D,3w,SMS-40.0in,13
2427,9,2178:AL:SCAN,0.8114226016666359,0.00437640947966359,A,3w,SMS-8.0in,10
2430,9,2181:AL:SCAN,0.8769891400292475,0.02176682753360945,A,3w,SMS-2.0in,6
2432,9,2181:AL:SCAN,0.8365702642822048,0.03788137261057671,A,3w,SMS-8.0in,6
2440,9,2176:AL:SCAN,0.7568773010337942,0.011262071445726163,A,3w,SMS-2.0in,10
2441,9,2176:AL:SCAN,0.9041074343677612,0.00032903796129709364,A,3w,SMS-4.0in,10
2442,9,2176:AL:SCAN,0.8544178122260404,0.0016422906810848298,A,3w,SMS-8.0in,10
2443,9,2176:AL:SCAN,0.6801781403413141,0.030440053805366248,A,3w,SMS-20.0in,10
2445,9,2056:AL:SCAN,0.6274875627472951,0.0070070462625507835,B,3w,SMS-2.0in,17
2446,9,2056:AL:SCAN,0.7129887853156179,0.001314653337569666,B,3w,SMS-4.0in,17
2447,9,2056:AL:SCAN,0.5400254299777465,0.025240929737017467,D,3w,SMS-8.0in,17
2448,9,2056:AL:SCAN,0.818103335217182,5.9948363668689905e-05,D,3w,SMS-20.0in,17
2449,9,2056:AL:SCAN,0.6958742998800144,0.0019200005873076067,D,3w,SMS-40.0in,17
2456,9,2175:AL:SCAN,0.8293906970538075,0.021016822251145904,B,3w,SMS-4.0in,7
2457,9,2175:AL:SCAN,0.7651123895805175,0.04504510935384974,B,3w,SMS-8.0in,7
2458,9,2175:AL:SCAN,0.9161433232248405,0.003736833250208691,B,3w,SMS-20.0in,7
2459,9,2175:AL:SCAN,0.8885108810183445,0.007500505893847718,D,3w,SMS-40.0in,7
2462,9,2053:AL:SCAN,0.5212380656383496,0.04631318365298409,B,3w,SMS-8.0in,15
2464,9,2053:AL:SCAN,0.5894634088737717,0.020746391883459586,D,3w,SMS-40.0in,15
2465,10,2057:AL:SCAN,0.48695828390451223,0.01580962143489906,D,3w,SMS-2.0in,24
2466,10,2057:AL:SCAN,0.46725827589933333,0.02132667677375214,D,3w,SMS-4.0in,24
2467,10,2057:AL:SCAN,0.5854641839876579,0.0026504702677228238,D,3w,SMS-8.0in,24
2468,10,2057:AL:SCAN,0.6357345104279293,0.0008419470279604879,D,3w,SMS-20.0in,24
2469,10,2057:AL:SCAN,0.4094938063769288,0.046908310458953086,D,3w,SMS-40.0in,24
2470,10,2078:AL:SCAN,0.7708792527808535,0.0012489246826440806,D,3w,SMS-2.0in,14
2471,10,2078:AL:SCAN,0.5551880398393078,0.03930943811585306,B,3w,SMS-4.0in,14
2472,10,2078:AL:SCAN,0.5435875021693792,0.044519856667649335,D,3w,SMS-8.0in,14
2473,10,2078:AL:SCAN,0.5811856027165984,0.02927710020885436,D,3w,SMS-20.0in,14
2480,10,2113:AL:SCAN,0.7926276699603053,0.0007223793324771526,A,3w,SMS-2.0in,14
2481,10,2113:AL:SCAN,0.7109566605120363,0.004364679053584769,A,3w,SMS-4.0in,14
2482,10,2113:AL:SCAN,0.7677362439963331,0.0013453225044627074,A,3w,SMS-8.0in,14
2483,10,2113:AL:SCAN,0.6269353872045407,0.016416310367796626,B,3w,SMS-20.0in,14
2487,10,2174:AL:SCAN,0.6286975307046544,0.016026950275945463,D,3w,SMS-8.0in,14
2493,10,2055:AL:SCAN,0.5684942800418472,0.013827637960416124,D,3w,SMS-20.0in,18
2497,10,2173:AL:SCAN,0.5417172242976329,0.045404919379174076,D,3w,SMS-8.0in,14
2498,10,2173:AL:SCAN,0.5602492477603613,0.037182752600025806,D,3w,SMS-20.0in,14
2500,10,2180:AL:SCAN,0.85243200444274,0.00717081931181697,A,3w,SMS-2.0in,8
2501,10,2180:AL:SCAN,0.731944628740381,0.03899036309796444,A,3w,SMS-4.0in,8
2505,10,2114:AL:SCAN,0.637030815558366,0.019200462878833473,B,3w,SMS-2.0in,13
2506,10,2114:AL:SCAN,0.7935276771766208,0.00120482520839176,D,3w,SMS-4.0in,13
2507,10,2114:AL:SCAN,0.7848641415291485,0.001483586824667632,D,3w,SMS-8.0in,13
2508,10,2114:AL:SCAN,0.7700156933676782,0.002076416063502572,D,3w,SMS-20.0in,13
2509,10,2114:AL:SCAN,0.6553503715418054,0.015034704520929086,D,3w,SMS-40.0in,13
2512,10,2178:AL:SCAN,0.8439427567370916,0.004228938532418421,A,3w,SMS-8.0in,9
2513,10,2178:AL:SCAN,0.8117000780232049,0.007892414129713903,A,3w,SMS-20.0in,9
2514,10,2178:AL:SCAN,0.6899682985887338,0.03969744014020817,B,3w,SMS-40.0in,9
2515,10,2181:AL:SCAN,0.9978034743611415,0.04220294775099146,A,3w,SMS-2.0in,3
2517,10,2181:AL:SCAN,0.997892815138415,0.041335455775174446,A,3w,SMS-8.0in,3
2518,10,2181:AL:SCAN,0.997276186041322,0.04699833459038518,A,3w,SMS-20.0in,3
2520,10,2182:AL:SCAN,0.9010718892981094,0.0022444310515722745,A,3w,SMS-2.0in,8
2524,10,2182:AL:SCAN,0.7802560153546974,0.022347423574819128,A,3w,SMS-40.0in,8
2530,10,2056:AL:SCAN,0.6369603334492355,0.025913265081321815,B,3w,SMS-2.0in,12
2531,10,2056:AL:SCAN,0.6137750832887592,0.03376388898851111,B,3w,SMS-4.0in,12
2533,10,2056:AL:SCAN,0.6207904315596806,0.031229713037174697,D,3w,SMS-20.0in,12
2535,10,2115:AL:SCAN,0.7560103904355134,0.00018076235674318748,A,3w,SMS-2.0in,19
2536,10,2115:AL:SCAN,0.5815910178527856,0.00900185952165404,A,3w,SMS-4.0in,19
2537,10,2115:AL:SCAN,0.5683836948651237,0.011113264045095385,A,3w,SMS-8.0in,19
2538,10,2115:AL:SCAN,0.6670920844628861,0.0018087623216737807,C,3w,SMS-20.0in,19
2539,10,2115:AL:SCAN,0.6550704504666788,0.0023336017994507624,D,3w,SMS-40.0in,19
2543,10,2175:AL:SCAN,0.9024194937496756,0.005417169914804487,B,3w,SMS-20.0in,7
2544,10,2175:AL:SCAN,0.9270682156423115,0.002651937211738124,D,3w,SMS-40.0in,7
2546,10,2053:AL:SCAN,0.8674807372910172,2.8005049905382646e-05,B,3w,SMS-4.0in,15
2547,10,2053:AL:SCAN,0.5753958381361955,0.024813637785761213,B,3w,SMS-8.0in,15
2549,10,2053:AL:SCAN,0.8570492898356988,4.463911508396322e-05,D,3w,SMS-40.0in,15
2550,11,2057:AL:SCAN,0.4655179300201212,0.02188079627243786,D,3w,SMS-2.0in,24
2555,11,2078:AL:SCAN,0.6762574423429801,0.007920624694974156,D,3w,SMS-2.0in,14
2556,11,2078:AL:SCAN,0.648742544321972,0.012075135441043184,B,3w,SMS-4.0in,14
2557,11,2078:AL:SCAN,0.6594670055401745,0.010294447331129124,D,3w,SMS-8.0in,14
2560,11,2177:AL:SCAN,0.8879739504527022,0.04424626526288891,D,3w,SMS-2.0in,5
2565,11,2113:AL:SCAN,0.7200195531010398,0.003684809186712647,A,3w,SMS-2.0in,14
2566,11,2113:AL:SCAN,0.7394336553984161,0.0025080266313130062,A,3w,SMS-4.0in,14
2567,11,2113:AL:SCAN,0.8024467016918495,0.0005524377696398822,A,3w,SMS-8.0in,14
2569,11,2113:AL:SCAN,0.6736837708778234,0.00825382704192887,B,3w,SMS-40.0in,14
2570,11,2174:AL:SCAN,0.7767318346100027,0.0029617796926094753,D,3w,SMS-2.0in,12
2571,11,2174:AL:SCAN,0.7153703248681857,0.008906816581222794,D,3w,SMS-4.0in,12
2572,11,2174:AL:SCAN,0.7351505390640203,0.006445822455320279,D,3w,SMS-8.0in,12
2575,11,2055:AL:SCAN,0.5495526889652798,0.03382974446427508,B,3w,SMS-2.0in,15
2577,11,2055:AL:SCAN,0.6648077470375671,0.006850928492256204,B,3w,SMS-8.0in,15
2579,11,2055:AL:SCAN,0.5181868564467047,0.04783720513983903,D,3w,SMS-40.0in,15
2581,11,2173:AL:SCAN,0.8024672422515959,0.0003177593166559565,B,3w,SMS-4.0in,15
2582,11,2173:AL:SCAN,0.5706280312083093,0.02632101626061649,D,3w,SMS-8.0in,15
2583,11,2173:AL:SCAN,0.6807352873481879,0.00521451467824806,D,3w,SMS-20.0in,15
2584,11,2173:AL:SCAN,0.8416271557093554,8.35520954469505e-05,D,3w,SMS-40.0in,15
2586,11,2180:AL:SCAN,0.7997674101167793,0.03083479609411518,A,3w,SMS-4.0in,7
2590,11,2114:AL:SCAN,0.59544936477502,0.02465958725816193,B,3w,SMS-2.0in,14
2591,11,2114:AL:SCAN,0.745821990034049,0.0021940787098588353,D,3w,SMS-4.0in,14
2592,11,2114:AL:SCAN,0.6531168241945248,0.01132240991861171,D,3w,SMS-8.0in,14
2593,11,2114:AL:SCAN,0.5986117726149778,0.023714553217226837,D,3w,SMS-20.0in,14
2602,11,2181:AL:SCAN,0.9958188252442193,0.0041811747557807255,A,3w,SMS-8.0in,4
2603,11,2181:AL:SCAN,0.9522782236136551,0.047721776386344894,A,3w,SMS-20.0in,4
2604,11,2181:AL:SCAN,0.966760596758711,0.033239403241289045,C,3w,SMS-40.0in,4
2610,11,2176:AL:SCAN,0.8597171981521881,0.013107542006712075,A,3w,SMS-2.0in,7
2611,11,2176:AL:SCAN,0.9266901936960344,0.0026858770090304796,A,3w,SMS-4.0in,7
2612,11,2176:AL:SCAN,0.9217739350076803,0.0031505438306294654,A,3w,SMS-8.0in,7
2615,11,2056:AL:SCAN,0.6391412680502269,0.010311126790034094,B,3w,SMS-2.0in,15
2616,11,2056:AL:SCAN,0.7531161392662193,0.0011903659962979435,B,3w,SMS-4.0in,15
2617,11,2056:AL:SCAN,0.7425011864936943,0.0015216864555613091,D,3w,SMS-8.0in,15
2618,11,2056:AL:SCAN,0.6859277014822838,0.0047539754925914985,D,3w,SMS-20.0in,15
2620,11,2115:AL:SCAN,0.6463863460135258,0.005051821098249451,A,3w,SMS-2.0in,17
2624,11,2115:AL:SCAN,0.7597137222461565,0.0004028065573246025,D,3w,SMS-40.0in,17
2631,11,2053:AL:SCAN,0.5593329684059511,0.024278850355290343,B,3w,SMS-4.0in,16
2634,11,2053:AL:SCAN,0.6003629298919497,0.013934130999605204,D,3w,SMS-40.0in,16
2643,12,2078:AL:SCAN,0.5914692145439794,0.02588881577161942,D,3w,SMS-20.0in,14
2680,12,2178:AL:SCAN,0.8134370819814554,0.04896185500395108,A,3w,SMS-2.0in,6
2683,12,2178:AL:SCAN,0.8464305193351171,0.03356451860711449,A,3w,SMS-20.0in,6
2709,12,2115:AL:SCAN,0.47567297922129725,0.03954396708453223,D,3w,SMS-40.0in,19
2717,12,2053:AL:SCAN,0.5106216136906192,0.03621808786705749,B,3w,SMS-8.0in,17
2725,1,2078:AL:SCAN,0.5835961760117225,0.01763099643539883,D,3w,SMS-2.0in,16
2746,1,2055:AL:SCAN,0.5032092231935723,0.03948642457190077,B,3w,SMS-4.0in,17
2764,1,2114:AL:SCAN,0.5012257622417058,0.040397807081222335,D,3w,SMS-40.0in,17
2769,1,2178:AL:SCAN,-0.7591839511891795,0.047776062836318814,B,3w,SMS-40.0in,7
2785,1,2056:AL:SCAN,0.60765206660202,0.016267049192026574,B,3w,SMS-2.0in,15
2786,1,2056:AL:SCAN,0.5718128203731858,0.025940123959991904,B,3w,SMS-4.0in,15
2817,2,2177:AL:SCAN,-0.9995316705701889,0.01948443408733448,D,3w,SMS-8.0in,3
2897,3,2078:AL:SCAN,0.5198266950359356,0.04701361036428536,D,3w,SMS-8.0in,15
2907,3,2113:AL:SCAN,0.7865185590660211,0.0014268004584977294,A,3w,SMS-8.0in,13
2909,3,2113:AL:SCAN,0.6137135658423007,0.02567863666923934,B,3w,SMS-40.0in,13
2915,3,2055:AL:SCAN,0.554924179130588,0.03177992269403497,B,3w,SMS-2.0in,15
2939,3,2178:AL:SCAN,-0.7990871937996736,0.031085179266478666,B,3w,SMS-40.0in,7
2971,3,2053:AL:SCAN,0.456251966953391,0.0431762955394029,B,3w,SMS-4.0in,20
2976,4,2057:AL:SCAN,0.4766009458542947,0.024927137647899594,D,3w,SMS-4.0in,22
2977,4,2057:AL:SCAN,0.594112634640517,0.0035510386670695388,D,3w,SMS-8.0in,22
2978,4,2057:AL:SCAN,0.5385242483068778,0.009718086691164453,D,3w,SMS-20.0in,22
2980,4,2078:AL:SCAN,0.7121286657995893,0.001968693962922787,D,3w,SMS-2.0in,16
2981,4,2078:AL:SCAN,0.6967747549024637,0.002706006886022303,B,3w,SMS-4.0in,16
2990,4,2113:AL:SCAN,0.651798770015056,0.011545314431699196,A,3w,SMS-2.0in,14
2991,4,2113:AL:SCAN,0.5607411991779233,0.036980662112862994,A,3w,SMS-4.0in,14
2992,4,2113:AL:SCAN,0.590336116303778,0.026247005647396755,A,3w,SMS-8.0in,14
2996,4,2174:AL:SCAN,0.650470803237526,0.030225828298969918,D,3w,SMS-4.0in,11
3000,4,2055:AL:SCAN,0.5347351755387268,0.03283260040108961,B,3w,SMS-2.0in,16
3002,4,2055:AL:SCAN,0.5904383407062643,0.016040267258270426,B,3w,SMS-8.0in,16
3003,4,2055:AL:SCAN,0.6630649363435112,0.005114624488603155,D,3w,SMS-20.0in,16
3007,4,2173:AL:SCAN,0.7013906601395044,0.016166305157173363,D,3w,SMS-8.0in,11
3010,4,2180:AL:SCAN,0.7634646127196654,0.027493156132458316,A,3w,SMS-2.0in,8
3024,4,2178:AL:SCAN,0.8652299374274971,0.026020542362775095,B,3w,SMS-40.0in,6
3052,4,2175:AL:SCAN,0.8893162433323952,0.01769835350040246,B,3w,SMS-8.0in,6
3072,5,2177:AL:SCAN,0.8831135476811092,0.04712108927851921,D,4w,SMS-8.0in,5
3090,5,2173:AL:SCAN,0.6362919043054853,0.02611902891289438,B,4w,SMS-2.0in,12
3091,5,2173:AL:SCAN,0.6308795331954902,0.027828913727265744,B,4w,SMS-4.0in,12
3092,5,2173:AL:SCAN,0.9009532638509061,6.3441925938041e-05,D,4w,SMS-8.0in,12
3093,5,2173:AL:SCAN,0.583816181295587,0.046258918237557275,D,4w,SMS-20.0in,12
3094,5,2173:AL:SCAN,0.715650885541077,0.0088676455092742,D,4w,SMS-40.0in,12
3100,5,2114:AL:SCAN,0.5981836046675328,0.03991794797929257,B,4w,SMS-2.0in,12
3110,5,2181:AL:SCAN,0.9718376995683972,0.028162300431602838,A,4w,SMS-2.0in,4
3111,5,2181:AL:SCAN,0.9828482899748181,0.0171517100251819,A,4w,SMS-4.0in,4
3112,5,2181:AL:SCAN,0.9576591856575989,0.04234081434240111,A,4w,SMS-8.0in,4
3114,5,2181:AL:SCAN,0.98134930799632,0.01865069200367997,C,4w,SMS-40.0in,4
3121,5,2176:AL:SCAN,0.7313710276048611,0.025139342058568544,A,4w,SMS-4.0in,9
3122,5,2176:AL:SCAN,0.6666508476628921,0.04987464450054154,A,4w,SMS-8.0in,9
3130,5,2115:AL:SCAN,0.7556993418103561,0.0007092259367556684,A,4w,SMS-2.0in,16
3131,5,2115:AL:SCAN,0.6348774975698501,0.008237194078384524,A,4w,SMS-4.0in,16
3132,5,2115:AL:SCAN,0.5577668523445476,0.02476603769960524,A,4w,SMS-8.0in,16
3133,5,2115:AL:SCAN,0.6360922034446344,0.008077274270294291,C,4w,SMS-20.0in,16
3141,5,2053:AL:SCAN,0.4622491077219416,0.046302482351881905,B,4w,SMS-4.0in,19
3168,6,2174:AL:SCAN,0.6237304331389696,0.022724279472006094,D,4w,SMS-20.0in,13
3176,6,2173:AL:SCAN,0.8112753777568857,0.0013604041343423772,B,4w,SMS-4.0in,12
3185,6,2114:AL:SCAN,0.6865183029636325,0.0023372515912033504,B,4w,SMS-2.0in,17
3186,6,2114:AL:SCAN,0.7001348778771417,0.0017513822415574378,D,4w,SMS-4.0in,17
3188,6,2114:AL:SCAN,0.8606712569396343,9.24877294064485e-06,D,4w,SMS-20.0in,17
3189,6,2114:AL:SCAN,0.7128615299703965,0.0013184877320924907,D,4w,SMS-40.0in,17
3212,6,2056:AL:SCAN,0.6624596472928586,0.007122937081125793,D,4w,SMS-8.0in,15
3213,6,2056:AL:SCAN,0.7881025993440874,0.0004831598940173457,D,4w,SMS-20.0in,15
3226,6,2053:AL:SCAN,0.5546148073984107,0.02085594460928585,B,4w,SMS-4.0in,17
3227,6,2053:AL:SCAN,0.6307702047512413,0.006629767551572535,B,4w,SMS-8.0in,17
3228,6,2053:AL:SCAN,0.5475544670672788,0.022896940536937856,D,4w,SMS-20.0in,17
3229,6,2053:AL:SCAN,0.5146235079433685,0.034541573466755446,D,4w,SMS-40.0in,17
3245,7,2113:AL:SCAN,0.5567031316211599,0.020280296853234805,A,4w,SMS-2.0in,17
3246,7,2113:AL:SCAN,0.4956258508780921,0.04305710863279069,A,4w,SMS-4.0in,17
3247,7,2113:AL:SCAN,0.5743874819604381,0.01588732108674025,A,4w,SMS-8.0in,17
3251,7,2174:AL:SCAN,-0.5616129517558097,0.036624543714521854,D,4w,SMS-4.0in,14
3252,7,2174:AL:SCAN,-0.5805729269781028,0.02948889414387175,D,4w,SMS-8.0in,14
3255,7,2055:AL:SCAN,0.718825649542738,0.005629172052766329,B,4w,SMS-2.0in,13
3257,7,2055:AL:SCAN,0.7580951545714609,0.0026741603525312083,B,4w,SMS-8.0in,13
3258,7,2055:AL:SCAN,0.6579303517997985,0.014507714013785741,D,4w,SMS-20.0in,13
3270,7,2114:AL:SCAN,0.7023492590028407,0.005097818917280426,B,4w,SMS-2.0in,14
3273,7,2114:AL:SCAN,0.7361804130354523,0.002680991774661958,D,4w,SMS-20.0in,14
3274,7,2114:AL:SCAN,0.6652892878880649,0.009416545810824344,D,4w,SMS-40.0in,14
3300,7,2115:AL:SCAN,0.5805082419607817,0.009161680357184274,A,4w,SMS-2.0in,19
3304,7,2115:AL:SCAN,0.7116193050969258,0.0006332855020869937,D,4w,SMS-40.0in,19
3326,8,2177:AL:SCAN,0.965714309769966,0.0075815326217561485,D,4w,SMS-4.0in,5
3328,8,2177:AL:SCAN,0.9234391143861699,0.025135811463877573,D,4w,SMS-20.0in,5
3359,8,2114:AL:SCAN,0.493764799180214,0.043969545737077585,D,4w,SMS-40.0in,17
3366,8,2181:AL:SCAN,0.9857004373549767,0.0142995626450233,A,4w,SMS-4.0in,4
3380,8,2056:AL:SCAN,0.5890211294565042,0.020865937112522413,B,4w,SMS-2.0in,15
3382,8,2056:AL:SCAN,0.686792320286582,0.004680525080117681,D,4w,SMS-8.0in,15
3400,9,2057:AL:SCAN,0.6085217623528411,0.0012479869287300865,D,4w,SMS-2.0in,25
3415,9,2113:AL:SCAN,0.6220938853625285,0.007664200133694919,A,4w,SMS-2.0in,17
3418,9,2113:AL:SCAN,0.5233784244086815,0.031081025822288326,B,4w,SMS-20.0in,17
3423,9,2174:AL:SCAN,0.7569877160640087,0.004364111005708274,D,4w,SMS-20.0in,12
3440,9,2114:AL:SCAN,0.7132152117617888,0.002834496728059844,B,4w,SMS-2.0in,15
3443,9,2114:AL:SCAN,0.6900977934146407,0.0044079728087403625,D,4w,SMS-20.0in,15
3444,9,2114:AL:SCAN,0.6379848651345815,0.010494107753800429,D,4w,SMS-40.0in,15
3447,9,2178:AL:SCAN,0.8231118419529795,0.0034393768355773795,A,4w,SMS-8.0in,10
3450,9,2181:AL:SCAN,0.8452483316418724,0.03406911571068646,A,4w,SMS-2.0in,6
3458,9,2182:AL:SCAN,0.8240405355222356,0.043718594717704985,A,4w,SMS-20.0in,6
3460,9,2176:AL:SCAN,0.6563548144113036,0.03927823193577381,A,4w,SMS-2.0in,10
3461,9,2176:AL:SCAN,0.8934816503359642,0.000494372041076992,A,4w,SMS-4.0in,10
3462,9,2176:AL:SCAN,0.8084376765894794,0.004642252546721314,A,4w,SMS-8.0in,10
3463,9,2176:AL:SCAN,0.6529760584052983,0.0406572182634853,A,4w,SMS-20.0in,10
3465,9,2056:AL:SCAN,0.6664008196149315,0.0034877027062421677,B,4w,SMS-2.0in,17
3466,9,2056:AL:SCAN,0.6666696919226901,0.0034697587627404974,B,4w,SMS-4.0in,17
3467,9,2056:AL:SCAN,0.5344755934090963,0.027084489024137858,D,4w,SMS-8.0in,17
3468,9,2056:AL:SCAN,0.807687921550365,8.812783201706815e-05,D,4w,SMS-20.0in,17
3469,9,2056:AL:SCAN,0.6831462300449718,0.0025046816269954347,D,4w,SMS-40.0in,17
3476,9,2175:AL:SCAN,0.7672308784699223,0.04409062141532993,B,4w,SMS-4.0in,7
3478,9,2175:AL:SCAN,0.9263378348433818,0.002717740938240198,B,4w,SMS-20.0in,7
3479,9,2175:AL:SCAN,0.8816713031143724,0.008671185060609855,D,4w,SMS-40.0in,7
3484,9,2053:AL:SCAN,0.5646092663043019,0.018212394527980628,D,4w,SMS-40.0in,17
3485,10,2057:AL:SCAN,0.47713898361654705,0.018391971046973994,D,4w,SMS-2.0in,24
3486,10,2057:AL:SCAN,0.4587809608101171,0.024136580489127347,D,4w,SMS-4.0in,24
3487,10,2057:AL:SCAN,0.5849876350342522,0.002677099234533009,D,4w,SMS-8.0in,24
3488,10,2057:AL:SCAN,0.6193360752134588,0.0012501626912844357,D,4w,SMS-20.0in,24
3489,10,2057:AL:SCAN,0.4245289854122458,0.038668130329134645,D,4w,SMS-40.0in,24
3490,10,2078:AL:SCAN,0.7798140712150938,0.00100460437349614,D,4w,SMS-2.0in,14
3491,10,2078:AL:SCAN,0.5610426799457384,0.036857216920151245,B,4w,SMS-4.0in,14
3492,10,2078:AL:SCAN,0.5679832668965082,0.03409856759008376,D,4w,SMS-8.0in,14
3493,10,2078:AL:SCAN,0.5713129445359519,0.03283081648265937,D,4w,SMS-20.0in,14
3500,10,2113:AL:SCAN,0.8592417426904106,8.233812217670306e-05,A,4w,SMS-2.0in,14
3501,10,2113:AL:SCAN,0.7721382583750702,0.0012118913422281166,A,4w,SMS-4.0in,14
3502,10,2113:AL:SCAN,0.7936478545814667,0.0007029859841818979,A,4w,SMS-8.0in,14
3503,10,2113:AL:SCAN,0.6275028072225144,0.016290157604994367,B,4w,SMS-20.0in,14
3504,10,2113:AL:SCAN,0.5823507057288464,0.02887746994117883,B,4w,SMS-40.0in,14
3507,10,2174:AL:SCAN,0.5411266348571299,0.045687051954717256,D,4w,SMS-8.0in,14
3510,10,2055:AL:SCAN,0.5258730486422939,0.024990966808688616,B,4w,SMS-2.0in,18
3512,10,2055:AL:SCAN,0.48719836512810405,0.040297914122637585,B,4w,SMS-8.0in,18
3513,10,2055:AL:SCAN,0.5745207535948947,0.01263868298751872,D,4w,SMS-20.0in,18
3516,10,2173:AL:SCAN,0.5967805973078898,0.0242583895164678,B,4w,SMS-4.0in,14
3517,10,2173:AL:SCAN,0.6142634469855136,0.019432052864629793,D,4w,SMS-8.0in,14
3518,10,2173:AL:SCAN,0.5696795109476092,0.03344828696119249,D,4w,SMS-20.0in,14
3519,10,2173:AL:SCAN,0.554532884159238,0.03959113109414005,D,4w,SMS-40.0in,14
3520,10,2180:AL:SCAN,0.825095598822323,0.011683167334536818,A,4w,SMS-2.0in,8
3521,10,2180:AL:SCAN,0.7379784583940069,0.03659815176622088,A,4w,SMS-4.0in,8
3525,10,2114:AL:SCAN,0.6471965010811804,0.016795016313714422,B,4w,SMS-2.0in,13
3526,10,2114:AL:SCAN,0.8126163427697102,0.0007349843691641887,D,4w,SMS-4.0in,13
3527,10,2114:AL:SCAN,0.805666146147308,0.0008852593534232485,D,4w,SMS-8.0in,13
3528,10,2114:AL:SCAN,0.7141557676141773,0.006101856617758477,D,4w,SMS-20.0in,13
3529,10,2114:AL:SCAN,0.6940948612182237,0.008487667833011832,D,4w,SMS-40.0in,13
3532,10,2178:AL:SCAN,0.8519623573394516,0.0035450332750714356,A,4w,SMS-8.0in,9
3533,10,2178:AL:SCAN,0.827027317855388,0.005957610064605215,A,4w,SMS-20.0in,9
3534,10,2178:AL:SCAN,0.6829966493937344,0.04258471871206528,B,4w,SMS-40.0in,9
3540,10,2182:AL:SCAN,0.8684943833527162,0.0051395424428915095,A,4w,SMS-2.0in,8
3544,10,2182:AL:SCAN,0.7796491292808736,0.02252198892359423,A,4w,SMS-40.0in,8
3550,10,2056:AL:SCAN,0.5857991883786704,0.027718464145863243,B,4w,SMS-2.0in,14
3551,10,2056:AL:SCAN,0.5623147826391006,0.03633968422512424,B,4w,SMS-4.0in,14
3553,10,2056:AL:SCAN,0.5859304647194926,0.027675041011355605,D,4w,SMS-20.0in,14
3555,10,2115:AL:SCAN,0.7295157282295781,0.0003931177857444281,A,4w,SMS-2.0in,19
3556,10,2115:AL:SCAN,0.5639658960905962,0.011902469428370898,A,4w,SMS-4.0in,19
3557,10,2115:AL:SCAN,0.5480839255846663,0.01511965914919114,A,4w,SMS-8.0in,19
3558,10,2115:AL:SCAN,0.6005446000749847,0.006550437918536502,C,4w,SMS-20.0in,19
3559,10,2115:AL:SCAN,0.5974548272409942,0.0069078600406739,D,4w,SMS-40.0in,19
3563,10,2175:AL:SCAN,0.9106095627022825,0.004370796854235888,B,4w,SMS-20.0in,7
3564,10,2175:AL:SCAN,0.9275843501303733,0.002606005652106836,D,4w,SMS-40.0in,7
3566,10,2053:AL:SCAN,0.8221051915459024,0.00016922068383110747,B,4w,SMS-4.0in,15
3569,10,2053:AL:SCAN,0.836195891228863,0.00010259845994922833,D,4w,SMS-40.0in,15
3570,11,2057:AL:SCAN,0.4875566266053737,0.015662382114889944,D,4w,SMS-2.0in,24
3571,11,2057:AL:SCAN,0.40531051146684594,0.04942911284165344,D,4w,SMS-4.0in,24
3575,11,2078:AL:SCAN,0.6547471967631698,0.011051278576152153,D,4w,SMS-2.0in,14
3576,11,2078:AL:SCAN,0.6613516111348412,0.010003660762115738,B,4w,SMS-4.0in,14
3577,11,2078:AL:SCAN,0.6789091107310977,0.007588321632604482,D,4w,SMS-8.0in,14
3585,11,2113:AL:SCAN,0.7279023372314319,0.004791294190057079,A,4w,SMS-2.0in,13
3586,11,2113:AL:SCAN,0.7419405012120983,0.003688388254635239,A,4w,SMS-4.0in,13
3587,11,2113:AL:SCAN,0.8079667915920958,0.0008330633038672163,A,4w,SMS-8.0in,13
3589,11,2113:AL:SCAN,0.6870618691407485,0.009473128871957828,B,4w,SMS-40.0in,13
3590,11,2174:AL:SCAN,0.7717530466321862,0.00327721968720919,D,4w,SMS-2.0in,12
3591,11,2174:AL:SCAN,0.6978633688018148,0.01161724136766469,D,4w,SMS-4.0in,12
3592,11,2174:AL:SCAN,0.7224579421955396,0.007956091060006092,D,4w,SMS-8.0in,12
3595,11,2055:AL:SCAN,0.5846263883341345,0.02208261451412629,B,4w,SMS-2.0in,15
3597,11,2055:AL:SCAN,0.6940162819184659,0.004101354288538457,B,4w,SMS-8.0in,15
3601,11,2173:AL:SCAN,0.7920491251981081,0.0004319876916717557,B,4w,SMS-4.0in,15
3602,11,2173:AL:SCAN,0.5371951551279295,0.03892064554322708,D,4w,SMS-8.0in,15
3603,11,2173:AL:SCAN,0.6669984913729473,0.006604584326662625,D,4w,SMS-20.0in,15
3604,11,2173:AL:SCAN,0.8418723152521856,8.276653321779007e-05,D,4w,SMS-40.0in,15
3606,11,2180:AL:SCAN,0.8082436560254733,0.027809387372098197,A,4w,SMS-4.0in,7
3610,11,2114:AL:SCAN,0.6222855745611697,0.023134053428113636,B,4w,SMS-2.0in,13
3611,11,2114:AL:SCAN,0.7840817851241643,0.0015110492956085,D,4w,SMS-4.0in,13
3612,11,2114:AL:SCAN,0.6601830147390387,0.014059043558258632,D,4w,SMS-8.0in,13
3613,11,2114:AL:SCAN,0.6167032872500631,0.024768804135563607,D,4w,SMS-20.0in,13
3622,11,2181:AL:SCAN,0.9866347035770899,0.013365296422910067,A,4w,SMS-8.0in,4
3623,11,2181:AL:SCAN,0.9607373564419222,0.03926264355807785,A,4w,SMS-20.0in,4
3624,11,2181:AL:SCAN,0.9605026215001947,0.03949737849980528,C,4w,SMS-40.0in,4
3630,11,2176:AL:SCAN,0.8471765318403623,0.01612183319975358,A,4w,SMS-2.0in,7
3631,11,2176:AL:SCAN,0.8911602826889582,0.007073238411299918,A,4w,SMS-4.0in,7
3632,11,2176:AL:SCAN,0.8775222974409577,0.009429512830395625,A,4w,SMS-8.0in,7
3635,11,2056:AL:SCAN,0.7071137536213448,0.0046810149510284945,B,4w,SMS-2.0in,14
3636,11,2056:AL:SCAN,0.8028614242849434,0.0005460410833702339,B,4w,SMS-4.0in,14
3637,11,2056:AL:SCAN,0.745372524491693,0.0022150932366199823,D,4w,SMS-8.0in,14
3638,11,2056:AL:SCAN,0.7426974831384583,0.0023434824457426963,D,4w,SMS-20.0in,14
3640,11,2115:AL:SCAN,0.6844595632255411,0.002438344950993281,A,4w,SMS-2.0in,17
3643,11,2115:AL:SCAN,0.5019807113183244,0.04004905357472837,C,4w,SMS-20.0in,17
3644,11,2115:AL:SCAN,0.6667383163035725,0.003465190963842214,D,4w,SMS-40.0in,17
3646,11,2175:AL:SCAN,0.7791097096892453,0.03894654519695483,B,4w,SMS-4.0in,7
3651,11,2053:AL:SCAN,0.5974649937103239,0.018672687822013558,B,4w,SMS-4.0in,15
3654,11,2053:AL:SCAN,0.5914820355473009,0.020207404388824752,D,4w,SMS-40.0in,15
3663,12,2078:AL:SCAN,0.600055159062106,0.03015164796746289,D,4w,SMS-20.0in,13
3665,12,2177:AL:SCAN,0.815476072056653,0.047932184984742936,D,4w,SMS-2.0in,6
3729,12,2115:AL:SCAN,0.46041855613525634,0.04728850053701287,D,4w,SMS-40.0in,19
3736,12,2053:AL:SCAN,0.49597024928573785,0.04288983878672165,B,4w,SMS-4.0in,17
3737,12,2053:AL:SCAN,0.5646594762556985,0.018199811703889176,B,4w,SMS-8.0in,17
3739,12,2053:AL:SCAN,0.5066093477211777,0.037960525306366885,D,4w,SMS-40.0in,17
3745,1,2078:AL:SCAN,0.5782853841066717,0.018948035087469315,D,4w,SMS-2.0in,16
3766,1,2055:AL:SCAN,0.5257782503951032,0.030180647368143812,B,4w,SMS-4.0in,17
3805,1,2056:AL:SCAN,0.5505402383114454,0.027112004392388218,B,4w,SMS-2.0in,16
3806,1,2056:AL:SCAN,0.5391808893607852,0.031138615784287324,B,4w,SMS-4.0in,16
3821,1,2053:AL:SCAN,0.45674254209133464,0.04931689371556444,B,4w,SMS-4.0in,19
3917,3,2078:AL:SCAN,0.5182750245130431,0.047792654750251955,D,4w,SMS-8.0in,15
3927,3,2113:AL:SCAN,0.6883599453631071,0.006491008552259136,A,4w,SMS-8.0in,14
3959,3,2178:AL:SCAN,-0.8890815146546693,0.00740725273331445,B,4w,SMS-40.0in,7
3996,4,2057:AL:SCAN,0.4278685718707368,0.046983846169480356,D,4w,SMS-4.0in,22
3997,4,2057:AL:SCAN,0.5588563028618283,0.006858542575057424,D,4w,SMS-8.0in,22
3998,4,2057:AL:SCAN,0.49177804983594003,0.0200919277371865,D,4w,SMS-20.0in,22
4000,4,2078:AL:SCAN,0.7125919490567032,0.001949295528972395,D,4w,SMS-2.0in,16
4001,4,2078:AL:SCAN,0.6841295403174842,0.003468267484655663,B,4w,SMS-4.0in,16
4010,4,2113:AL:SCAN,0.6973709185408035,0.005563749497484864,A,4w,SMS-2.0in,14
4011,4,2113:AL:SCAN,0.5576115771492096,0.0382802105004931,A,4w,SMS-4.0in,14
4012,4,2113:AL:SCAN,0.6210200201011039,0.017776144030131818,A,4w,SMS-8.0in,14
4016,4,2174:AL:SCAN,0.6557627872302841,0.02846644189831965,D,4w,SMS-4.0in,11
4022,4,2055:AL:SCAN,0.5536603477277765,0.02607915060322396,B,4w,SMS-8.0in,16
4023,4,2055:AL:SCAN,0.6548636086682862,0.005903726770818464,D,4w,SMS-20.0in,16
4027,4,2173:AL:SCAN,0.6902016428201403,0.018735586747620502,D,4w,SMS-8.0in,11
4030,4,2180:AL:SCAN,0.769796660324401,0.02547507941379598,A,4w,SMS-2.0in,8
4044,4,2178:AL:SCAN,0.9410751975743729,0.0051059011552572345,B,4w,SMS-40.0in,6
4072,4,2175:AL:SCAN,0.9127777158703965,0.01107980861678535,B,4w,SMS-8.0in,6
