MapDate,StateAbbreviation,None,D0,D1,D2,D3,D4,ValidStart,ValidEnd,StatisticFormatID
20221206,AL,16.08,83.92,36.05,1.64,0,0,2022-12-06,2022-12-12,1
20221129,AL,9.93,90.07,51.63,6.16,0,0,2022-11-29,2022-12-05,1
20221122,AL,4.32,95.68,48.87,4.87,0,0,2022-11-22,2022-11-28,1
20221115,AL,11.52,88.48,41.47,4.67,0,0,2022-11-15,2022-11-21,1
20221108,AL,11.27,88.73,41.55,4.92,0,0,2022-11-08,2022-11-14,1
20221101,AL,26.62,73.38,30.1,3.64,0,0,2022-11-01,2022-11-07,1
20221025,AL,22.35,77.65,31.7,8.22,0,0,2022-10-25,2022-10-31,1
20221018,AL,22.99,77.01,18.41,1.36,0,0,2022-10-18,2022-10-24,1
20221011,AL,2,98,27.16,0.33,0,0,2022-10-11,2022-10-17,1
20221004,AL,35.95,64.05,13.73,0,0,0,2022-10-04,2022-10-10,1
20220927,AL,67.58,32.42,0,0,0,0,2022-09-27,2022-10-03,1
20220920,AL,93.37,6.63,0,0,0,0,2022-09-20,2022-09-26,1
20220913,AL,97.67,2.33,0,0,0,0,2022-09-13,2022-09-19,1
20220906,AL,97.26,2.74,0.5,0,0,0,2022-09-06,2022-09-12,1
20220830,AL,95.28,4.72,0.5,0,0,0,2022-08-30,2022-09-05,1
20220823,AL,94.58,5.42,0.5,0.15,0,0,2022-08-23,2022-08-29,1
20220816,AL,79.33,20.67,3.76,0.18,0,0,2022-08-16,2022-08-22,1
20220809,AL,80.15,19.85,3.73,0.38,0,0,2022-08-09,2022-08-15,1
20220802,AL,75.41,24.59,5.79,0.37,0,0,2022-08-02,2022-08-08,1
20220726,AL,70.28,29.72,7.56,0.37,0,0,2022-07-26,2022-08-01,1
20220719,AL,70.03,29.97,6,0.06,0,0,2022-07-19,2022-07-25,1
20220712,AL,60.49,39.51,8.87,0.06,0,0,2022-07-12,2022-07-18,1
20220705,AL,65.27,34.73,6.25,0.06,0,0,2022-07-05,2022-07-11,1
20220628,AL,51.52,48.48,1.86,0,0,0,2022-06-28,2022-07-04,1
20220621,AL,81.55,18.45,0.08,0,0,0,2022-06-21,2022-06-27,1
20220614,AL,99.18,0.82,0,0,0,0,2022-06-14,2022-06-20,1
20220607,AL,97.13,2.87,0,0,0,0,2022-06-07,2022-06-13,1
20220531,AL,96.15,3.85,0,0,0,0,2022-05-31,2022-06-06,1
20220524,AL,71.94,28.06,0,0,0,0,2022-05-24,2022-05-30,1
20220517,AL,69.06,30.94,0,0,0,0,2022-05-17,2022-05-23,1
20220510,AL,96.05,3.95,0,0,0,0,2022-05-10,2022-05-16,1
20220503,AL,97.02,2.98,0,0,0,0,2022-05-03,2022-05-09,1
20220426,AL,97.04,2.96,0,0,0,0,2022-04-26,2022-05-02,1
20220419,AL,97.04,2.96,0,0,0,0,2022-04-19,2022-04-25,1
20220412,AL,87.61,12.39,0.68,0,0,0,2022-04-12,2022-04-18,1
20220405,AL,85.94,14.06,0.68,0,0,0,2022-04-05,2022-04-11,1
20220329,AL,83.92,16.08,0.68,0,0,0,2022-03-29,2022-04-04,1
20220322,AL,82.08,17.92,0.84,0,0,0,2022-03-22,2022-03-28,1
20220315,AL,65.74,34.26,7.1,0,0,0,2022-03-15,2022-03-21,1
20220308,AL,65.74,34.26,7.1,0,0,0,2022-03-08,2022-03-14,1
20220301,AL,75.04,24.96,3.28,0,0,0,2022-03-01,2022-03-07,1
20220222,AL,75.48,24.52,3.32,0,0,0,2022-02-22,2022-02-28,1
20220215,AL,87.94,12.06,2.25,0,0,0,2022-02-15,2022-02-21,1
20220208,AL,87.94,12.06,2.25,0,0,0,2022-02-08,2022-02-14,1
20220201,AL,82.74,17.26,4.85,0,0,0,2022-02-01,2022-02-07,1
20220125,AL,82.74,17.26,4.85,0,0,0,2022-01-25,2022-01-31,1
20220118,AL,82.74,17.26,4.85,0,0,0,2022-01-18,2022-01-24,1
20220111,AL,81.48,18.52,4.85,0,0,0,2022-01-11,2022-01-17,1
20220104,AL,76.82,23.18,3.44,0,0,0,2022-01-04,2022-01-10,1
20211228,AL,54.93,45.07,2.94,0,0,0,2021-12-28,2022-01-03,1
20211221,AL,67.3,32.7,2.94,0,0,0,2021-12-21,2021-12-27,1
20211214,AL,54.44,45.56,2.25,0,0,0,2021-12-14,2021-12-20,1
20211207,AL,46.53,53.47,2.25,0,0,0,2021-12-07,2021-12-13,1
20211130,AL,51.32,48.68,0,0,0,0,2021-11-30,2021-12-06,1
20211123,AL,73.12,26.88,0,0,0,0,2021-11-23,2021-11-29,1
20211116,AL,97.75,2.25,0,0,0,0,2021-11-16,2021-11-22,1
20211109,AL,100,0,0,0,0,0,2021-11-09,2021-11-15,1
20211102,AL,100,0,0,0,0,0,2021-11-02,2021-11-08,1
20211026,AL,100,0,0,0,0,0,2021-10-26,2021-11-01,1
20211019,AL,100,0,0,0,0,0,2021-10-19,2021-10-25,1
20211012,AL,100,0,0,0,0,0,2021-10-12,2021-10-18,1
20211005,AL,100,0,0,0,0,0,2021-10-05,2021-10-11,1
20210928,AL,100,0,0,0,0,0,2021-09-28,2021-10-04,1
20210921,AL,100,0,0,0,0,0,2021-09-21,2021-09-27,1
20210914,AL,100,0,0,0,0,0,2021-09-14,2021-09-20,1
20210907,AL,100,0,0,0,0,0,2021-09-07,2021-09-13,1
20210831,AL,100,0,0,0,0,0,2021-08-31,2021-09-06,1
20210824,AL,100,0,0,0,0,0,2021-08-24,2021-08-30,1
20210817,AL,100,0,0,0,0,0,2021-08-17,2021-08-23,1
20210810,AL,100,0,0,0,0,0,2021-08-10,2021-08-16,1
20210803,AL,100,0,0,0,0,0,2021-08-03,2021-08-09,1
20210727,AL,100,0,0,0,0,0,2021-07-27,2021-08-02,1
20210720,AL,100,0,0,0,0,0,2021-07-20,2021-07-26,1
20210713,AL,100,0,0,0,0,0,2021-07-13,2021-07-19,1
20210706,AL,100,0,0,0,0,0,2021-07-06,2021-07-12,1
20210629,AL,100,0,0,0,0,0,2021-06-29,2021-07-05,1
20210622,AL,100,0,0,0,0,0,2021-06-22,2021-06-28,1
20210615,AL,100,0,0,0,0,0,2021-06-15,2021-06-21,1
20210608,AL,100,0,0,0,0,0,2021-06-08,2021-06-14,1
20210601,AL,97.86,2.14,0,0,0,0,2021-06-01,2021-06-07,1
20210525,AL,98.88,1.12,0,0,0,0,2021-05-25,2021-05-31,1
20210518,AL,100,0,0,0,0,0,2021-05-18,2021-05-24,1
20210511,AL,100,0,0,0,0,0,2021-05-11,2021-05-17,1
20210504,AL,98.48,1.52,0,0,0,0,2021-05-04,2021-05-10,1
20210427,AL,98.04,1.96,0,0,0,0,2021-04-27,2021-05-03,1
20210420,AL,95.58,4.42,0,0,0,0,2021-04-20,2021-04-26,1
20210413,AL,97.59,2.41,0,0,0,0,2021-04-13,2021-04-19,1
20210406,AL,94.71,5.29,0,0,0,0,2021-04-06,2021-04-12,1
20210330,AL,93.17,6.83,0,0,0,0,2021-03-30,2021-04-05,1
20210323,AL,80.17,19.83,0.38,0,0,0,2021-03-23,2021-03-29,1
20210316,AL,57.59,42.41,7.32,0,0,0,2021-03-16,2021-03-22,1
20210309,AL,62.64,37.36,7.89,0,0,0,2021-03-09,2021-03-15,1
20210302,AL,71.27,28.73,7.89,0,0,0,2021-03-02,2021-03-08,1
20210223,AL,72.93,27.07,3.27,0,0,0,2021-02-23,2021-03-01,1
20210216,AL,63.46,36.54,5.22,0,0,0,2021-02-16,2021-02-22,1
20210209,AL,59.48,40.52,8.44,0,0,0,2021-02-09,2021-02-15,1
20210202,AL,65.23,34.77,6.14,0,0,0,2021-02-02,2021-02-08,1
20210126,AL,74.99,25.01,1.56,0,0,0,2021-01-26,2021-02-01,1
20210119,AL,76.66,23.34,0,0,0,0,2021-01-19,2021-01-25,1
20210112,AL,95.37,4.63,0,0,0,0,2021-01-12,2021-01-18,1
20210105,AL,95.37,4.63,0,0,0,0,2021-01-05,2021-01-11,1
20201229,AL,92.46,7.54,0,0,0,0,2020-12-29,2021-01-04,1
20201222,AL,75.71,24.29,0,0,0,0,2020-12-22,2020-12-28,1
20201215,AL,75.71,24.29,0,0,0,0,2020-12-15,2020-12-21,1
20201208,AL,82.96,17.04,0,0,0,0,2020-12-08,2020-12-14,1
20201201,AL,88.38,11.62,0,0,0,0,2020-12-01,2020-12-07,1
20201124,AL,82.84,17.16,0,0,0,0,2020-11-24,2020-11-30,1
20201117,AL,100,0,0,0,0,0,2020-11-17,2020-11-23,1
20201110,AL,100,0,0,0,0,0,2020-11-10,2020-11-16,1
20201103,AL,100,0,0,0,0,0,2020-11-03,2020-11-09,1
20201027,AL,98.24,1.76,0,0,0,0,2020-10-27,2020-11-02,1
20201020,AL,96.8,3.2,0,0,0,0,2020-10-20,2020-10-26,1
20201013,AL,96.8,3.2,0,0,0,0,2020-10-13,2020-10-19,1
20201006,AL,94.61,5.39,0,0,0,0,2020-10-06,2020-10-12,1
20200929,AL,98.07,1.93,0,0,0,0,2020-09-29,2020-10-05,1
20200922,AL,94.19,5.81,0,0,0,0,2020-09-22,2020-09-28,1
20200915,AL,88.67,11.33,0,0,0,0,2020-09-15,2020-09-21,1
20200908,AL,87.67,12.33,0,0,0,0,2020-09-08,2020-09-14,1
20200901,AL,98.08,1.92,0,0,0,0,2020-09-01,2020-09-07,1
20200825,AL,95.02,4.98,0,0,0,0,2020-08-25,2020-08-31,1
20200818,AL,85.4,14.6,0.93,0,0,0,2020-08-18,2020-08-24,1
20200811,AL,80.77,19.23,1.33,0,0,0,2020-08-11,2020-08-17,1
20200804,AL,79.56,20.44,1.33,0,0,0,2020-08-04,2020-08-10,1
20200728,AL,81.22,18.78,0.47,0,0,0,2020-07-28,2020-08-03,1
20200721,AL,94.88,5.12,0,0,0,0,2020-07-21,2020-07-27,1
20200714,AL,99.69,0.31,0,0,0,0,2020-07-14,2020-07-20,1
20200707,AL,99.17,0.83,0,0,0,0,2020-07-07,2020-07-13,1
20200630,AL,90.46,9.54,0,0,0,0,2020-06-30,2020-07-06,1
20200623,AL,89.01,10.99,0,0,0,0,2020-06-23,2020-06-29,1
20200616,AL,88.61,11.39,1.8,0,0,0,2020-06-16,2020-06-22,1
20200609,AL,92.13,7.87,3.38,0,0,0,2020-06-09,2020-06-15,1
20200602,AL,88.28,11.72,8.5,3.47,0,0,2020-06-02,2020-06-08,1
20200526,AL,82.61,17.39,8.49,3.47,0,0,2020-05-26,2020-06-01,1
20200519,AL,81.5,18.5,8.49,3.47,0,0,2020-05-19,2020-05-25,1
20200512,AL,81.9,18.1,7.58,3.26,0,0,2020-05-12,2020-05-18,1
20200505,AL,90.91,9.09,3.65,0.49,0,0,2020-05-05,2020-05-11,1
20200428,AL,91.37,8.63,3.57,0.49,0,0,2020-04-28,2020-05-04,1
20200421,AL,89.19,10.81,3.57,0.49,0,0,2020-04-21,2020-04-27,1
20200414,AL,74,26,3.57,0.33,0,0,2020-04-14,2020-04-20,1
20200407,AL,60.96,39.04,3.58,0,0,0,2020-04-07,2020-04-13,1
20200331,AL,88.92,11.08,3.42,0,0,0,2020-03-31,2020-04-06,1
20200324,AL,91.36,8.64,0,0,0,0,2020-03-24,2020-03-30,1
20200317,AL,91.57,8.43,0,0,0,0,2020-03-17,2020-03-23,1
20200310,AL,92.43,7.57,0,0,0,0,2020-03-10,2020-03-16,1
20200303,AL,99.53,0.47,0,0,0,0,2020-03-03,2020-03-09,1
20200225,AL,99.53,0.47,0,0,0,0,2020-02-25,2020-03-02,1
20200218,AL,99.49,0.51,0,0,0,0,2020-02-18,2020-02-24,1
20200211,AL,99.49,0.51,0,0,0,0,2020-02-11,2020-02-17,1
20200204,AL,87.12,12.88,0,0,0,0,2020-02-04,2020-02-10,1
20200128,AL,88.2,11.8,0,0,0,0,2020-01-28,2020-02-03,1
20200121,AL,95.29,4.71,0,0,0,0,2020-01-21,2020-01-27,1
20200114,AL,100,0,0,0,0,0,2020-01-14,2020-01-20,1
20200107,AL,100,0,0,0,0,0,2020-01-07,2020-01-13,1
20191231,AL,100,0,0,0,0,0,2019-12-31,2020-01-06,1
20191224,AL,100,0,0,0,0,0,2019-12-24,2019-12-30,1
20191217,AL,78.03,21.97,0.84,0,0,0,2019-12-17,2019-12-23,1
20191210,AL,67.59,32.41,4.56,0,0,0,2019-12-10,2019-12-16,1
20191203,AL,70.4,29.6,2.44,0,0,0,2019-12-03,2019-12-09,1
20191126,AL,79.12,20.88,2.02,0,0,0,2019-11-26,2019-12-02,1
20191119,AL,76.35,23.65,2.46,0,0,0,2019-11-19,2019-11-25,1
20191112,AL,70.25,29.75,8.38,0.81,0,0,2019-11-12,2019-11-18,1
20191105,AL,56.33,43.67,27.57,7.08,0,0,2019-11-05,2019-11-11,1
20191029,AL,38.29,61.71,39.64,16.51,1.44,0,2019-10-29,2019-11-04,1
20191022,AL,25.68,74.32,52.28,20.97,5.27,0,2019-10-22,2019-10-28,1
20191015,AL,9.44,90.56,57.5,34.96,7.79,0,2019-10-15,2019-10-21,1
20191008,AL,8.5,91.5,54.08,14.46,5.39,0,2019-10-08,2019-10-14,1
20191001,AL,0,100,35.36,11.99,3.54,0,2019-10-01,2019-10-07,1
20190924,AL,17.26,82.74,30.18,4.88,0.2,0,2019-09-24,2019-09-30,1
20190917,AL,52.4,47.6,13.87,1.09,0,0,2019-09-17,2019-09-23,1
20190910,AL,69.51,30.49,8.22,1.09,0,0,2019-09-10,2019-09-16,1
20190903,AL,72.6,27.4,5.33,1.09,0,0,2019-09-03,2019-09-09,1
20190827,AL,66.04,33.96,10.78,1.53,0,0,2019-08-27,2019-09-02,1
20190820,AL,52.46,47.54,12.56,1.91,0,0,2019-08-20,2019-08-26,1
20190813,AL,61.45,38.55,12.8,2.63,0,0,2019-08-13,2019-08-19,1
20190806,AL,66.15,33.85,11.76,2.45,0,0,2019-08-06,2019-08-12,1
20190730,AL,61.31,38.69,13.41,4.27,0,0,2019-07-30,2019-08-05,1
20190723,AL,68.21,31.79,11.02,4.27,0,0,2019-07-23,2019-07-29,1
20190716,AL,60.49,39.51,10.57,3.68,0,0,2019-07-16,2019-07-22,1
20190709,AL,54.56,45.44,10.37,2.88,0,0,2019-07-09,2019-07-15,1
20190702,AL,59.65,40.35,7.97,2.12,0,0,2019-07-02,2019-07-08,1
20190625,AL,56.54,43.46,7.93,2.59,0,0,2019-06-25,2019-07-01,1
20190618,AL,63.95,36.05,11.33,1.81,0,0,2019-06-18,2019-06-24,1
20190611,AL,65.62,34.38,11.33,0,0,0,2019-06-11,2019-06-17,1
20190604,AL,55.24,44.76,14.12,0,0,0,2019-06-04,2019-06-10,1
20190528,AL,56.17,43.83,7.36,0,0,0,2019-05-28,2019-06-03,1
20190521,AL,76.69,23.31,0,0,0,0,2019-05-21,2019-05-27,1
20190514,AL,86.53,13.47,0,0,0,0,2019-05-14,2019-05-20,1
20190507,AL,81.34,18.66,10.81,0,0,0,2019-05-07,2019-05-13,1
20190430,AL,79.33,20.67,10.7,0,0,0,2019-04-30,2019-05-06,1
20190423,AL,74.9,25.1,11.21,0,0,0,2019-04-23,2019-04-29,1
20190416,AL,59.6,40.4,20.26,0,0,0,2019-04-16,2019-04-22,1
20190409,AL,56.76,43.24,30.23,0,0,0,2019-04-09,2019-04-15,1
20190402,AL,56.73,43.27,16.46,0,0,0,2019-04-02,2019-04-08,1
20190326,AL,65.21,34.79,1.06,0,0,0,2019-03-26,2019-04-01,1
20190319,AL,95.55,4.45,0,0,0,0,2019-03-19,2019-03-25,1
20190312,AL,97.24,2.76,0,0,0,0,2019-03-12,2019-03-18,1
20190305,AL,100,0,0,0,0,0,2019-03-05,2019-03-11,1
20190226,AL,100,0,0,0,0,0,2019-02-26,2019-03-04,1
20190219,AL,100,0,0,0,0,0,2019-02-19,2019-02-25,1
20190212,AL,100,0,0,0,0,0,2019-02-12,2019-02-18,1
20190205,AL,100,0,0,0,0,0,2019-02-05,2019-02-11,1
20190129,AL,100,0,0,0,0,0,2019-01-29,2019-02-04,1
20190122,AL,100,0,0,0,0,0,2019-01-22,2019-01-28,1
20190115,AL,100,0,0,0,0,0,2019-01-15,2019-01-21,1
20190108,AL,100,0,0,0,0,0,2019-01-08,2019-01-14,1
20190101,AL,100,0,0,0,0,0,2019-01-01,2019-01-07,1
20181225,AL,100,0,0,0,0,0,2018-12-25,2018-12-31,1
20181218,AL,100,0,0,0,0,0,2018-12-18,2018-12-24,1
20181211,AL,100,0,0,0,0,0,2018-12-11,2018-12-17,1
20181204,AL,100,0,0,0,0,0,2018-12-04,2018-12-10,1
20181127,AL,100,0,0,0,0,0,2018-11-27,2018-12-03,1
20181120,AL,100,0,0,0,0,0,2018-11-20,2018-11-26,1
20181113,AL,100,0,0,0,0,0,2018-11-13,2018-11-19,1
20181106,AL,96.47,3.53,0,0,0,0,2018-11-06,2018-11-12,1
20181030,AL,87.62,12.38,0,0,0,0,2018-10-30,2018-11-05,1
20181023,AL,78.48,21.52,0.22,0,0,0,2018-10-23,2018-10-29,1
20181016,AL,81.31,18.69,0.22,0,0,0,2018-10-16,2018-10-22,1
20181009,AL,82.29,17.71,0.67,0,0,0,2018-10-09,2018-10-15,1
20181002,AL,87.47,12.53,0.14,0,0,0,2018-10-02,2018-10-08,1
20180925,AL,62.24,37.76,7.95,0,0,0,2018-09-25,2018-10-01,1
20180918,AL,65.2,34.8,8.14,0,0,0,2018-09-18,2018-09-24,1
20180911,AL,79.38,20.62,3.94,0,0,0,2018-09-11,2018-09-17,1
20180904,AL,79.37,20.63,1.66,0,0,0,2018-09-04,2018-09-10,1
20180828,AL,87.99,12.01,0,0,0,0,2018-08-28,2018-09-03,1
20180821,AL,91.05,8.95,0,0,0,0,2018-08-21,2018-08-27,1
20180814,AL,88.83,11.17,0,0,0,0,2018-08-14,2018-08-20,1
20180807,AL,91.13,8.87,0,0,0,0,2018-08-07,2018-08-13,1
20180731,AL,77.26,22.74,0,0,0,0,2018-07-31,2018-08-06,1
20180724,AL,99.44,0.56,0,0,0,0,2018-07-24,2018-07-30,1
20180717,AL,99.87,0.13,0,0,0,0,2018-07-17,2018-07-23,1
20180710,AL,97.19,2.81,0,0,0,0,2018-07-10,2018-07-16,1
20180703,AL,96.31,3.69,0,0,0,0,2018-07-03,2018-07-09,1
20180626,AL,90.94,9.06,0,0,0,0,2018-06-26,2018-07-02,1
20180619,AL,90.45,9.55,0,0,0,0,2018-06-19,2018-06-25,1
20180612,AL,93.1,6.9,0,0,0,0,2018-06-12,2018-06-18,1
20180605,AL,92.49,7.51,0,0,0,0,2018-06-05,2018-06-11,1
20180529,AL,89.17,10.83,0,0,0,0,2018-05-29,2018-06-04,1
20180522,AL,66.05,33.95,1.94,0,0,0,2018-05-22,2018-05-28,1
20180515,AL,60.12,39.88,7.34,0,0,0,2018-05-15,2018-05-21,1
20180508,AL,67.92,32.08,2.64,0,0,0,2018-05-08,2018-05-14,1
20180501,AL,73.06,26.94,2.64,0,0,0,2018-05-01,2018-05-07,1
20180424,AL,75.36,24.64,2.64,0,0,0,2018-04-24,2018-04-30,1
20180417,AL,77.01,22.99,2.64,0,0,0,2018-04-17,2018-04-23,1
20180410,AL,59.52,40.48,13.94,0,0,0,2018-04-10,2018-04-16,1
20180403,AL,54.38,45.62,18.9,0,0,0,2018-04-03,2018-04-09,1
20180327,AL,51.24,48.76,20.56,0,0,0,2018-03-27,2018-04-02,1
20180320,AL,65.92,34.08,17.28,0,0,0,2018-03-20,2018-03-26,1
20180313,AL,68.38,31.62,17.28,0,0,0,2018-03-13,2018-03-19,1
20180306,AL,55.15,44.85,17.26,0,0,0,2018-03-06,2018-03-12,1
20180227,AL,48,52,20.68,0,0,0,2018-02-27,2018-03-05,1
20180220,AL,36.39,63.61,24.72,0,0,0,2018-02-20,2018-02-26,1
20180213,AL,12.64,87.36,37.93,0,0,0,2018-02-13,2018-02-19,1
20180206,AL,0,100,86.02,39.67,0,0,2018-02-06,2018-02-12,1
20180130,AL,0,100,86.91,46.37,2.71,0,2018-01-30,2018-02-05,1
20180123,AL,0,100,77.11,19.03,0,0,2018-01-23,2018-01-29,1
20180116,AL,7.21,92.79,60.63,6.5,0,0,2018-01-16,2018-01-22,1
20180109,AL,10.45,89.55,53.31,0.49,0,0,2018-01-09,2018-01-15,1
20180102,AL,19.02,80.98,26.61,0,0,0,2018-01-02,2018-01-08,1
20171226,AL,38.83,61.17,16.86,0,0,0,2017-12-26,2018-01-01,1
20171219,AL,29.34,70.66,18.4,0,0,0,2017-12-19,2017-12-25,1
20171212,AL,34.19,65.81,17.81,0,0,0,2017-12-12,2017-12-18,1
20171205,AL,34.88,65.12,13.33,0,0,0,2017-12-05,2017-12-11,1
20171128,AL,34.92,65.08,13.25,0,0,0,2017-11-28,2017-12-04,1
20171121,AL,74.05,25.95,9.2,0,0,0,2017-11-21,2017-11-27,1
20171114,AL,83.26,16.74,0.54,0,0,0,2017-11-14,2017-11-20,1
20171107,AL,86.92,13.08,0.32,0,0,0,2017-11-07,2017-11-13,1
20171031,AL,86.41,13.59,0.43,0,0,0,2017-10-31,2017-11-06,1
20171024,AL,85.82,14.18,0.43,0,0,0,2017-10-24,2017-10-30,1
20171017,AL,85.78,14.22,0,0,0,0,2017-10-17,2017-10-23,1
20171010,AL,95.31,4.69,0,0,0,0,2017-10-10,2017-10-16,1
20171003,AL,94.1,5.9,0,0,0,0,2017-10-03,2017-10-09,1
20170926,AL,100,0,0,0,0,0,2017-09-26,2017-10-02,1
20170919,AL,100,0,0,0,0,0,2017-09-19,2017-09-25,1
20170912,AL,100,0,0,0,0,0,2017-09-12,2017-09-18,1
20170905,AL,99.86,0.14,0,0,0,0,2017-09-05,2017-09-11,1
20170829,AL,99.95,0.05,0,0,0,0,2017-08-29,2017-09-04,1
20170822,AL,100,0,0,0,0,0,2017-08-22,2017-08-28,1
20170815,AL,100,0,0,0,0,0,2017-08-15,2017-08-21,1
20170808,AL,100,0,0,0,0,0,2017-08-08,2017-08-14,1
20170801,AL,100,0,0,0,0,0,2017-08-01,2017-08-07,1
20170725,AL,99.95,0.05,0,0,0,0,2017-07-25,2017-07-31,1
20170718,AL,99.95,0.05,0,0,0,0,2017-07-18,2017-07-24,1
20170711,AL,99.95,0.05,0,0,0,0,2017-07-11,2017-07-17,1
20170704,AL,99.22,0.78,0,0,0,0,2017-07-04,2017-07-10,1
20170627,AL,98.47,1.53,0,0,0,0,2017-06-27,2017-07-03,1
20170620,AL,95.82,4.18,0.14,0,0,0,2017-06-20,2017-06-26,1
20170613,AL,94.34,5.66,0.73,0,0,0,2017-06-13,2017-06-19,1
20170606,AL,93.92,6.08,0.73,0,0,0,2017-06-06,2017-06-12,1
20170530,AL,88.42,11.58,0.33,0,0,0,2017-05-30,2017-06-05,1
20170523,AL,77.95,22.05,1.76,0,0,0,2017-05-23,2017-05-29,1
20170516,AL,40.56,59.44,28.95,1.19,0,0,2017-05-16,2017-05-22,1
20170509,AL,43.94,56.06,28.07,1.5,0,0,2017-05-09,2017-05-15,1
20170502,AL,23.19,76.81,32.04,1.5,0,0,2017-05-02,2017-05-08,1
20170425,AL,13.28,86.72,38.65,2.67,0,0,2017-04-25,2017-05-01,1
20170418,AL,6.84,93.16,42.71,2.67,0,0,2017-04-18,2017-04-24,1
20170411,AL,18.34,81.66,21.69,2.67,0,0,2017-04-11,2017-04-17,1
20170404,AL,18.34,81.66,26.17,4.87,0,0,2017-04-04,2017-04-10,1
20170328,AL,9.36,90.64,37.69,12.14,0,0,2017-03-28,2017-04-03,1
20170321,AL,29.05,70.95,41.08,21.89,1.65,0,2017-03-21,2017-03-27,1
20170314,AL,44.43,55.57,45.39,23.57,4.76,0,2017-03-14,2017-03-20,1
20170307,AL,36.62,63.38,53.64,26.87,5.21,0,2017-03-07,2017-03-13,1
20170228,AL,36.62,63.38,53.64,31.97,5.21,0,2017-02-28,2017-03-06,1
20170221,AL,30.37,69.63,58.67,35.28,5.21,0,2017-02-21,2017-02-27,1
20170214,AL,32.23,67.77,49.55,27.82,0,0,2017-02-14,2017-02-20,1
20170207,AL,32.16,67.84,48.59,23.88,2.33,0,2017-02-07,2017-02-13,1
20170131,AL,32.16,67.84,48.59,23.88,2.33,0,2017-01-31,2017-02-06,1
20170124,AL,32.16,67.84,48.59,23.88,2.33,0,2017-01-24,2017-01-30,1
20170117,AL,27.2,72.8,65.72,48.53,23.32,0,2017-01-17,2017-01-23,1
20170110,AL,27.2,72.8,65.72,48.53,23.32,0,2017-01-10,2017-01-16,1
20170103,AL,22.96,77.04,68.13,48.58,23.32,0,2017-01-03,2017-01-09,1
20161227,AL,1.17,98.83,96.1,86.07,51.77,19.18,2016-12-27,2017-01-02,1
20161220,AL,1.17,98.83,96.1,86.07,51.77,19.18,2016-12-20,2016-12-26,1
20161213,AL,0,100,100,95.92,66.21,20.48,2016-12-13,2016-12-19,1
20161206,AL,0,100,100,98.64,73.27,20.58,2016-12-06,2016-12-12,1
20161129,AL,0,100,100,100,96.52,32.76,2016-11-29,2016-12-05,1
20161122,AL,0,100,100,97.88,82.09,35.39,2016-11-22,2016-11-28,1
20161115,AL,0,100,100,89,65.57,33.78,2016-11-15,2016-11-21,1
20161108,AL,0,100,100,80.02,51.92,18.35,2016-11-08,2016-11-14,1
20161101,AL,0,100,100,74.78,51.92,14.85,2016-11-01,2016-11-07,1
20161025,AL,0,100,100,73.15,33.03,9.94,2016-10-25,2016-10-31,1
20161018,AL,0,100,98.5,61.9,23.93,4.98,2016-10-18,2016-10-24,1
20161011,AL,0,100,71.95,37.32,16.71,3.22,2016-10-11,2016-10-17,1
20161004,AL,13.48,86.52,55.36,23.05,8.98,0.06,2016-10-04,2016-10-10,1
20160927,AL,17.13,82.87,47.13,17.95,6.36,0,2016-09-27,2016-10-03,1
20160920,AL,24.41,75.59,34.93,13.56,1.75,0,2016-09-20,2016-09-26,1
20160913,AL,22.89,77.11,33.27,11.1,1.71,0,2016-09-13,2016-09-19,1
20160906,AL,46.42,53.58,27.29,9.12,1.51,0,2016-09-06,2016-09-12,1
20160830,AL,50.75,49.25,27.24,9.52,1.51,0,2016-08-30,2016-09-05,1
20160823,AL,50.73,49.27,25.48,11.37,1.51,0,2016-08-23,2016-08-29,1
20160816,AL,44.51,55.49,34.41,14.89,2.24,0,2016-08-16,2016-08-22,1
20160809,AL,44.06,55.94,37.21,16.16,2.29,0,2016-08-09,2016-08-15,1
20160802,AL,32.44,67.56,40.77,18.33,2.9,0,2016-08-02,2016-08-08,1
20160726,AL,38.08,61.92,40.32,11.95,2.78,0,2016-07-26,2016-08-01,1
20160719,AL,37.01,62.99,41.54,14.6,2.72,0,2016-07-19,2016-07-25,1
20160712,AL,37.04,62.96,42.75,15.48,2.72,0,2016-07-12,2016-07-18,1
20160705,AL,35.69,64.31,43.03,18.6,3.32,0,2016-07-05,2016-07-11,1
20160628,AL,41.3,58.7,40.69,15.14,0.7,0,2016-06-28,2016-07-04,1
20160621,AL,43.09,56.91,40.2,12.33,0,0,2016-06-21,2016-06-27,1
20160614,AL,39.65,60.35,42.66,14.5,0,0,2016-06-14,2016-06-20,1
20160607,AL,39.91,60.09,33.98,7.55,0,0,2016-06-07,2016-06-13,1
20160531,AL,51.7,48.3,26.84,7.55,0,0,2016-05-31,2016-06-06,1
20160524,AL,51.7,48.3,12.86,0,0,0,2016-05-24,2016-05-30,1
20160517,AL,57.74,42.26,7.87,0,0,0,2016-05-17,2016-05-23,1
20160510,AL,78.89,21.11,1.8,0,0,0,2016-05-10,2016-05-16,1
20160503,AL,86.1,13.9,1.5,0,0,0,2016-05-03,2016-05-09,1
20160426,AL,91.11,8.89,0,0,0,0,2016-04-26,2016-05-02,1
20160419,AL,100,0,0,0,0,0,2016-04-19,2016-04-25,1
20160412,AL,100,0,0,0,0,0,2016-04-12,2016-04-18,1
20160405,AL,100,0,0,0,0,0,2016-04-05,2016-04-11,1
20160329,AL,98.08,1.92,0,0,0,0,2016-03-29,2016-04-04,1
20160322,AL,100,0,0,0,0,0,2016-03-22,2016-03-28,1
20160315,AL,100,0,0,0,0,0,2016-03-15,2016-03-21,1
20160308,AL,100,0,0,0,0,0,2016-03-08,2016-03-14,1
20160301,AL,100,0,0,0,0,0,2016-03-01,2016-03-07,1
20160223,AL,100,0,0,0,0,0,2016-02-23,2016-02-29,1
20160216,AL,100,0,0,0,0,0,2016-02-16,2016-02-22,1
20160209,AL,100,0,0,0,0,0,2016-02-09,2016-02-15,1
20160202,AL,100,0,0,0,0,0,2016-02-02,2016-02-08,1
20160126,AL,100,0,0,0,0,0,2016-01-26,2016-02-01,1
20160119,AL,100,0,0,0,0,0,2016-01-19,2016-01-25,1
20160112,AL,100,0,0,0,0,0,2016-01-12,2016-01-18,1
20160105,AL,100,0,0,0,0,0,2016-01-05,2016-01-11,1
20151229,AL,100,0,0,0,0,0,2015-12-29,2016-01-04,1
20151222,AL,100,0,0,0,0,0,2015-12-22,2015-12-28,1
20151215,AL,94.63,5.37,0,0,0,0,2015-12-15,2015-12-21,1
20151208,AL,100,0,0,0,0,0,2015-12-08,2015-12-14,1
20151201,AL,100,0,0,0,0,0,2015-12-01,2015-12-07,1
20151124,AL,94.2,5.8,0,0,0,0,2015-11-24,2015-11-30,1
20151117,AL,87.51,12.49,0,0,0,0,2015-11-17,2015-11-23,1
20151110,AL,91.28,8.72,0,0,0,0,2015-11-10,2015-11-16,1
20151103,AL,63.77,36.23,0,0,0,0,2015-11-03,2015-11-09,1
20151027,AL,42.14,57.86,11.15,0,0,0,2015-10-27,2015-11-02,1
20151020,AL,28.99,71.01,24.4,1.62,0,0,2015-10-20,2015-10-26,1
20151013,AL,37.29,62.71,19.06,0,0,0,2015-10-13,2015-10-19,1
20151006,AL,43.27,56.73,7.21,0,0,0,2015-10-06,2015-10-12,1
20150929,AL,37.12,62.88,4.86,0,0,0,2015-09-29,2015-10-05,1
20150922,AL,33.17,66.83,17.41,0,0,0,2015-09-22,2015-09-28,1
20150915,AL,33.22,66.78,17.29,0,0,0,2015-09-15,2015-09-21,1
20150908,AL,52.92,47.08,15.03,0,0,0,2015-09-08,2015-09-14,1
20150901,AL,57.19,42.81,11.16,0,0,0,2015-09-01,2015-09-07,1
20150825,AL,50.16,49.84,4.97,0,0,0,2015-08-25,2015-08-31,1
20150818,AL,46.12,53.88,10.86,0,0,0,2015-08-18,2015-08-24,1
20150811,AL,41.16,58.84,18.86,0,0,0,2015-08-11,2015-08-17,1
20150804,AL,38.85,61.15,18.46,0,0,0,2015-08-04,2015-08-10,1
20150728,AL,59.91,40.09,9.37,0,0,0,2015-07-28,2015-08-03,1
20150721,AL,59.23,40.77,8.6,0,0,0,2015-07-21,2015-07-27,1
20150714,AL,74.96,25.04,8.6,0,0,0,2015-07-14,2015-07-20,1
20150707,AL,77.84,22.16,8.6,0,0,0,2015-07-07,2015-07-13,1
20150630,AL,63.78,36.22,14.36,0,0,0,2015-06-30,2015-07-06,1
20150623,AL,67.87,32.13,2.28,0,0,0,2015-06-23,2015-06-29,1
20150616,AL,93.28,6.72,0,0,0,0,2015-06-16,2015-06-22,1
20150609,AL,96.74,3.26,0,0,0,0,2015-06-09,2015-06-15,1
20150602,AL,96.74,3.26,0,0,0,0,2015-06-02,2015-06-08,1
20150526,AL,76.68,23.32,0,0,0,0,2015-05-26,2015-06-01,1
20150519,AL,58.33,41.67,0,0,0,0,2015-05-19,2015-05-25,1
20150512,AL,52.55,47.45,0,0,0,0,2015-05-12,2015-05-18,1
20150505,AL,64.57,35.43,0,0,0,0,2015-05-05,2015-05-11,1
20150428,AL,73.06,26.94,0,0,0,0,2015-04-28,2015-05-04,1
20150421,AL,67.96,32.04,2.45,0,0,0,2015-04-21,2015-04-27,1
20150414,AL,44.83,55.17,12.94,2.38,0,0,2015-04-14,2015-04-20,1
20150407,AL,44.83,55.17,17.62,3.09,0,0,2015-04-07,2015-04-13,1
20150331,AL,44.83,55.17,13.79,0,0,0,2015-03-31,2015-04-06,1
20150324,AL,56.67,43.33,5.92,0,0,0,2015-03-24,2015-03-30,1
20150317,AL,47,53,7.35,0,0,0,2015-03-17,2015-03-23,1
20150310,AL,49.36,50.64,13.27,0,0,0,2015-03-10,2015-03-16,1
20150303,AL,44.4,55.6,14.66,0,0,0,2015-03-03,2015-03-09,1
20150224,AL,29.08,70.92,17.2,0,0,0,2015-02-24,2015-03-02,1
20150217,AL,29.08,70.92,14.87,0,0,0,2015-02-17,2015-02-23,1
20150210,AL,38.04,61.96,1.63,0,0,0,2015-02-10,2015-02-16,1
20150203,AL,61.07,38.93,1.63,0,0,0,2015-02-03,2015-02-09,1
20150127,AL,61.07,38.93,1.63,0,0,0,2015-01-27,2015-02-02,1
20150120,AL,57.41,42.59,3.03,0,0,0,2015-01-20,2015-01-26,1
20150113,AL,81.65,18.35,3.03,0,0,0,2015-01-13,2015-01-19,1
20150106,AL,81.65,18.35,3.03,0,0,0,2015-01-06,2015-01-12,1
20141230,AL,62.5,37.5,3.75,0,0,0,2014-12-30,2015-01-05,1
20141223,AL,28.09,71.91,34.85,3.87,0,0,2014-12-23,2014-12-29,1
20141216,AL,28.09,71.91,34.85,3.87,0,0,2014-12-16,2014-12-22,1
20141209,AL,33.72,66.28,21.08,2.63,0,0,2014-12-09,2014-12-15,1
20141202,AL,36.15,63.85,14.75,3.37,0,0,2014-12-02,2014-12-08,1
20141125,AL,36.15,63.85,12.59,1.58,0,0,2014-11-25,2014-12-01,1
20141118,AL,35.42,64.58,12.83,1.58,0,0,2014-11-18,2014-11-24,1
20141111,AL,29.5,70.5,27.06,1.77,0,0,2014-11-11,2014-11-17,1
20141104,AL,32.61,67.39,25.92,1.25,0,0,2014-11-04,2014-11-10,1
20141028,AL,39.42,60.58,17.24,1.25,0,0,2014-10-28,2014-11-03,1
20141021,AL,44.25,55.75,17.24,1.25,0,0,2014-10-21,2014-10-27,1
20141014,AL,44.25,55.75,17.24,1.25,0,0,2014-10-14,2014-10-20,1
20141007,AL,24.75,75.25,27,1.25,0,0,2014-10-07,2014-10-13,1
20140930,AL,17.21,82.79,27,1.25,0,0,2014-09-30,2014-10-06,1
20140923,AL,37.04,62.96,11.64,0,0,0,2014-09-23,2014-09-29,1
20140916,AL,37.04,62.96,10.2,0.01,0,0,2014-09-16,2014-09-22,1
20140909,AL,36.27,63.73,10.2,0.01,0,0,2014-09-09,2014-09-15,1
20140902,AL,34.99,65.01,10.2,0.01,0,0,2014-09-02,2014-09-08,1
20140826,AL,36.67,63.33,10.18,0,0,0,2014-08-26,2014-09-01,1
20140819,AL,54.83,45.17,4.13,0,0,0,2014-08-19,2014-08-25,1
20140812,AL,59.18,40.82,4.05,0,0,0,2014-08-12,2014-08-18,1
20140805,AL,62.66,37.34,1.66,0,0,0,2014-08-05,2014-08-11,1
20140729,AL,67.18,32.82,0.95,0,0,0,2014-07-29,2014-08-04,1
20140722,AL,81.05,18.95,0,0,0,0,2014-07-22,2014-07-28,1
20140715,AL,78.53,21.47,0,0,0,0,2014-07-15,2014-07-21,1
20140708,AL,91.92,8.08,0,0,0,0,2014-07-08,2014-07-14,1
20140701,AL,99.27,0.73,0,0,0,0,2014-07-01,2014-07-07,1
20140624,AL,95.03,4.97,0,0,0,0,2014-06-24,2014-06-30,1
20140617,AL,95.02,4.98,0,0,0,0,2014-06-17,2014-06-23,1
20140610,AL,95.02,4.98,0,0,0,0,2014-06-10,2014-06-16,1
20140603,AL,87.14,12.86,0.65,0,0,0,2014-06-03,2014-06-09,1
20140527,AL,91.8,8.2,0.54,0,0,0,2014-05-27,2014-06-02,1
20140520,AL,92.99,7.01,0.54,0,0,0,2014-05-20,2014-05-26,1
20140513,AL,91.14,8.86,2.12,0,0,0,2014-05-13,2014-05-19,1
20140506,AL,94.68,5.32,0,0,0,0,2014-05-06,2014-05-12,1
20140429,AL,97.11,2.89,0,0,0,0,2014-04-29,2014-05-05,1
20140422,AL,94.9,5.1,1.31,0,0,0,2014-04-22,2014-04-28,1
20140415,AL,96.02,3.98,1.32,0,0,0,2014-04-15,2014-04-21,1
20140408,AL,96.18,3.82,1.32,0,0,0,2014-04-08,2014-04-14,1
20140401,AL,75.45,24.55,3.37,0,0,0,2014-04-01,2014-04-07,1
20140325,AL,78.21,21.79,3.37,0,0,0,2014-03-25,2014-03-31,1
20140318,AL,81.51,18.49,0,0,0,0,2014-03-18,2014-03-24,1
20140311,AL,81.52,18.48,0,0,0,0,2014-03-11,2014-03-17,1
20140304,AL,91.36,8.64,0,0,0,0,2014-03-04,2014-03-10,1
20140225,AL,90.2,9.8,0,0,0,0,2014-02-25,2014-03-03,1
20140218,AL,88.99,11.01,0,0,0,0,2014-02-18,2014-02-24,1
20140211,AL,85.41,14.59,0,0,0,0,2014-02-11,2014-02-17,1
20140204,AL,65.11,34.89,0,0,0,0,2014-02-04,2014-02-10,1
20140128,AL,56.49,43.51,0,0,0,0,2014-01-28,2014-02-03,1
20140121,AL,100,0,0,0,0,0,2014-01-21,2014-01-27,1
20140114,AL,100,0,0,0,0,0,2014-01-14,2014-01-20,1
20140107,AL,94.61,5.39,0,0,0,0,2014-01-07,2014-01-13,1
20131231,AL,97.35,2.65,0,0,0,0,2013-12-31,2014-01-06,1
20131224,AL,89.25,10.75,2.66,0,0,0,2013-12-24,2013-12-30,1
20131217,AL,67.27,32.73,6.52,0,0,0,2013-12-17,2013-12-23,1
20131210,AL,85.82,14.18,1.32,0,0,0,2013-12-10,2013-12-16,1
20131203,AL,73.95,26.05,1.32,0,0,0,2013-12-03,2013-12-09,1
20131126,AL,77.19,22.81,0.63,0,0,0,2013-11-26,2013-12-02,1
20131119,AL,54.13,45.87,5.05,0,0,0,2013-11-19,2013-11-25,1
20131112,AL,54.31,45.69,5.05,0,0,0,2013-11-12,2013-11-18,1
20131105,AL,57.88,42.12,0,0,0,0,2013-11-05,2013-11-11,1
20131029,AL,76.43,23.57,0,0,0,0,2013-10-29,2013-11-04,1
20131022,AL,92.98,7.02,0,0,0,0,2013-10-22,2013-10-28,1
20131015,AL,100,0,0,0,0,0,2013-10-15,2013-10-21,1
20131008,AL,100,0,0,0,0,0,2013-10-08,2013-10-14,1
20131001,AL,96.85,3.15,0,0,0,0,2013-10-01,2013-10-07,1
20130924,AL,92.9,7.1,0,0,0,0,2013-09-24,2013-09-30,1
20130917,AL,90.2,9.8,0,0,0,0,2013-09-17,2013-09-23,1
20130910,AL,98.12,1.88,0,0,0,0,2013-09-10,2013-09-16,1
20130903,AL,100,0,0,0,0,0,2013-09-03,2013-09-09,1
20130827,AL,100,0,0,0,0,0,2013-08-27,2013-09-02,1
20130820,AL,100,0,0,0,0,0,2013-08-20,2013-08-26,1
20130813,AL,100,0,0,0,0,0,2013-08-13,2013-08-19,1
20130806,AL,100,0,0,0,0,0,2013-08-06,2013-08-12,1
20130730,AL,100,0,0,0,0,0,2013-07-30,2013-08-05,1
20130723,AL,100,0,0,0,0,0,2013-07-23,2013-07-29,1
20130716,AL,100,0,0,0,0,0,2013-07-16,2013-07-22,1
20130709,AL,93.04,6.96,0,0,0,0,2013-07-09,2013-07-15,1
20130702,AL,82.34,17.66,0,0,0,0,2013-07-02,2013-07-08,1
20130625,AL,77.7,22.3,0,0,0,0,2013-06-25,2013-07-01,1
20130618,AL,73.53,26.47,0,0,0,0,2013-06-18,2013-06-24,1
20130611,AL,73.53,26.47,0,0,0,0,2013-06-11,2013-06-17,1
20130604,AL,68.65,31.35,4.74,0,0,0,2013-06-04,2013-06-10,1
20130528,AL,86.96,13.04,3.18,0,0,0,2013-05-28,2013-06-03,1
20130521,AL,94.57,5.43,0,0,0,0,2013-05-21,2013-05-27,1
20130514,AL,100,0,0,0,0,0,2013-05-14,2013-05-20,1
20130507,AL,100,0,0,0,0,0,2013-05-07,2013-05-13,1
20130430,AL,95.97,4.03,0,0,0,0,2013-04-30,2013-05-06,1
20130423,AL,95.97,4.03,0,0,0,0,2013-04-23,2013-04-29,1
20130416,AL,95.5,4.5,0,0,0,0,2013-04-16,2013-04-22,1
20130409,AL,91.02,8.98,0,0,0,0,2013-04-09,2013-04-15,1
20130402,AL,94.24,5.76,0,0,0,0,2013-04-02,2013-04-08,1
20130326,AL,94.61,5.39,0,0,0,0,2013-03-26,2013-04-01,1
20130319,AL,89.71,10.29,0,0,0,0,2013-03-19,2013-03-25,1
20130312,AL,93.62,6.38,0,0,0,0,2013-03-12,2013-03-18,1
20130305,AL,90.05,9.95,0.89,0,0,0,2013-03-05,2013-03-11,1
20130226,AL,88.56,11.44,1.63,0,0,0,2013-02-26,2013-03-04,1
20130219,AL,65.29,34.71,18.32,2.49,0,0,2013-02-19,2013-02-25,1
20130212,AL,64.85,35.15,18.51,3.92,0,0,2013-02-12,2013-02-18,1
20130205,AL,47.94,52.06,31.82,20.3,4,0,2013-02-05,2013-02-11,1
20130129,AL,43.33,56.67,33.35,21.95,8.03,0,2013-01-29,2013-02-04,1
20130122,AL,43.33,56.67,30.62,16.92,6.99,0,2013-01-22,2013-01-28,1
20130115,AL,43.24,56.76,32.58,17.94,8.23,0,2013-01-15,2013-01-21,1
20130108,AL,39.94,60.06,33.68,19.43,9.82,0,2013-01-08,2013-01-14,1
20130101,AL,40.08,59.92,33.68,19.47,9.82,0,2013-01-01,2013-01-07,1
20121225,AL,29.47,70.53,35.93,20.25,9.82,3.68,2012-12-25,2012-12-31,1
20121218,AL,27.71,72.29,36.42,20.77,9.82,3.68,2012-12-18,2012-12-24,1
20121211,AL,27.71,72.29,36.85,22.15,9.95,3.68,2012-12-11,2012-12-17,1
20121204,AL,26.86,73.14,37.74,22.88,9.95,3.68,2012-12-04,2012-12-10,1
20121127,AL,42.44,57.56,37.72,22.88,9.95,3.68,2012-11-27,2012-12-03,1
20121120,AL,54.94,45.06,30.05,20.14,8.05,3.68,2012-11-20,2012-11-26,1
20121113,AL,58.22,41.78,28.24,16.91,7.38,3.68,2012-11-13,2012-11-19,1
20121106,AL,56.54,43.46,28.21,17.48,7.38,3.68,2012-11-06,2012-11-12,1
20121030,AL,66.89,33.11,20.74,11.93,6.82,0,2012-10-30,2012-11-05,1
20121023,AL,73.51,26.49,18.81,11.93,6.82,0,2012-10-23,2012-10-29,1
20121016,AL,74.36,25.64,17.17,11.69,6.82,0,2012-10-16,2012-10-22,1
20121009,AL,76.42,23.58,17.17,11.69,6.82,0,2012-10-09,2012-10-15,1
20121002,AL,75.58,24.42,17.17,11.69,6.82,0,2012-10-02,2012-10-08,1
20120925,AL,71.57,28.43,19.43,15.36,8.69,0,2012-09-25,2012-10-01,1
20120918,AL,70.57,29.43,19.43,15.36,8.66,0,2012-09-18,2012-09-24,1
20120911,AL,68.56,31.44,19.43,15.36,8.66,0,2012-09-11,2012-09-17,1
20120904,AL,65.56,34.44,22.42,15.36,8.66,0,2012-09-04,2012-09-10,1
20120828,AL,55.68,44.32,27.23,15.36,8.66,0,2012-08-28,2012-09-03,1
20120821,AL,56.05,43.95,27.23,15.36,8.66,0,2012-08-21,2012-08-27,1
20120814,AL,46.48,53.52,27.23,16.25,8.66,0,2012-08-14,2012-08-20,1
20120807,AL,41.16,58.84,33.41,21.99,14.27,1.6,2012-08-07,2012-08-13,1
20120731,AL,16.43,83.57,46.75,23.7,14.58,1.74,2012-07-31,2012-08-06,1
20120724,AL,11.79,88.21,56.65,28.83,14.47,1.67,2012-07-24,2012-07-30,1
20120717,AL,10.14,89.86,58.57,29.35,15.65,1.08,2012-07-17,2012-07-23,1
20120710,AL,8.34,91.66,58.89,31.54,15.65,1.08,2012-07-10,2012-07-16,1
20120703,AL,8.51,91.49,58.01,31.54,15.64,1.08,2012-07-03,2012-07-09,1
20120626,AL,11.29,88.71,46.74,20.6,13.78,1.08,2012-06-26,2012-07-02,1
20120619,AL,42.58,57.42,26.44,17.56,12.58,1.06,2012-06-19,2012-06-25,1
20120612,AL,43.85,56.15,26.44,17.56,13.65,1.06,2012-06-12,2012-06-18,1
20120605,AL,13.64,86.36,42.22,29.08,20.84,2.85,2012-06-05,2012-06-11,1
20120529,AL,12.03,87.97,50,27.98,20.67,2.85,2012-05-29,2012-06-04,1
20120522,AL,15.47,84.53,48.25,27.03,20.67,2.85,2012-05-22,2012-05-28,1
20120515,AL,15.49,84.51,48.25,27.66,21.89,2.85,2012-05-15,2012-05-21,1
20120508,AL,9.38,90.62,50.03,27.7,22.69,2.99,2012-05-08,2012-05-14,1
20120501,AL,8.31,91.69,59.69,31.67,24.68,2.99,2012-05-01,2012-05-07,1
20120424,AL,40.86,59.14,32.95,24.67,17.67,2.99,2012-04-24,2012-04-30,1
20120417,AL,47.99,52.01,32.95,24.67,17.67,2.99,2012-04-17,2012-04-23,1
20120410,AL,52.27,47.73,32.95,24.67,17.67,2.76,2012-04-10,2012-04-16,1
20120403,AL,57.88,42.12,32.95,24.68,16.86,3.98,2012-04-03,2012-04-09,1
20120327,AL,57.88,42.12,32.95,24.68,16.86,3.98,2012-03-27,2012-04-02,1
20120320,AL,54.04,45.96,33.04,24.85,17.11,3.98,2012-03-20,2012-03-26,1
20120313,AL,55.15,44.85,32.73,22.05,12.04,2.67,2012-03-13,2012-03-19,1
20120306,AL,55.15,44.85,31.61,19.54,12.04,2.67,2012-03-06,2012-03-12,1
20120228,AL,55.15,44.85,31.61,20.18,12.16,3.3,2012-02-28,2012-03-05,1
20120221,AL,55.15,44.85,35.26,24.3,12.16,3.3,2012-02-21,2012-02-27,1
20120214,AL,50.08,49.92,41.13,30.94,19.46,5.74,2012-02-14,2012-02-20,1
20120207,AL,52.83,47.17,34.98,21.98,7.97,1.83,2012-02-07,2012-02-13,1
20120131,AL,55.63,44.37,34.98,21.79,7.97,1.83,2012-01-31,2012-02-06,1
20120124,AL,52.95,47.05,34.98,21.79,7.97,1.83,2012-01-24,2012-01-30,1
20120117,AL,45.49,54.51,45.63,31.96,17.78,3.25,2012-01-17,2012-01-23,1
20120110,AL,39.32,60.68,49.65,27.98,14.48,0,2012-01-10,2012-01-16,1
20120103,AL,39.32,60.68,49.65,27.98,14.48,0,2012-01-03,2012-01-09,1
20111227,AL,39.32,60.68,49.65,27.98,14.48,0,2011-12-27,2012-01-02,1
20111220,AL,36.41,63.59,51.36,35.46,15.38,0,2011-12-20,2011-12-26,1
20111213,AL,36.41,63.59,51.36,35.46,15.38,0,2011-12-13,2011-12-19,1
20111206,AL,38.76,61.24,50.77,34.34,16.88,0,2011-12-06,2011-12-12,1
20111129,AL,32.61,67.39,49.38,34.34,16.88,0,2011-11-29,2011-12-05,1
20111122,AL,14.94,85.06,59.71,45.2,31.45,0,2011-11-22,2011-11-28,1
20111115,AL,14.94,85.06,59.71,45.2,31.45,0,2011-11-15,2011-11-21,1
20111108,AL,15.75,84.25,59.67,45.52,31.54,0,2011-11-08,2011-11-14,1
20111101,AL,23.95,76.05,54.36,40.47,23.91,0,2011-11-01,2011-11-07,1
20111025,AL,26.18,73.82,42.96,35.6,23.91,0,2011-10-25,2011-10-31,1
20111018,AL,39.83,60.17,41.47,31.74,18.18,0,2011-10-18,2011-10-24,1
20111011,AL,54.58,45.42,38.79,28.76,14.35,0,2011-10-11,2011-10-17,1
20111004,AL,54.66,45.34,38.79,28.78,14.39,0,2011-10-04,2011-10-10,1
20110927,AL,52.54,47.46,39.69,29.12,14.39,0,2011-09-27,2011-10-03,1
20110920,AL,45.07,54.93,44.35,30.6,17.38,0,2011-09-20,2011-09-26,1
20110913,AL,46.25,53.75,42.32,30.6,17.38,0,2011-09-13,2011-09-19,1
20110906,AL,46.25,53.75,42.32,30.6,17.38,0,2011-09-06,2011-09-12,1
20110830,AL,20.04,79.96,61.32,46.72,23.29,0,2011-08-30,2011-09-05,1
20110823,AL,30.56,69.44,55.96,36.51,4.5,0,2011-08-23,2011-08-29,1
20110816,AL,36.11,63.89,53.27,35.03,4.5,0,2011-08-16,2011-08-22,1
20110809,AL,33.05,66.95,56.77,37.71,4.5,0,2011-08-09,2011-08-15,1
20110802,AL,23.42,76.58,57.8,37.71,5.78,0,2011-08-02,2011-08-08,1
20110726,AL,32.17,67.83,45.5,26.13,9.63,0,2011-07-26,2011-08-01,1
20110719,AL,38.91,61.09,46.78,27.28,10.02,0,2011-07-19,2011-07-25,1
20110712,AL,13.7,86.3,56.58,39.91,22.21,9.16,2011-07-12,2011-07-18,1
20110705,AL,10.16,89.84,57.16,41.91,23.86,10.44,2011-07-05,2011-07-11,1
20110628,AL,6.39,93.61,57.16,41.91,24.94,11.68,2011-06-28,2011-07-04,1
20110621,AL,3.96,96.04,54.67,41.91,24.94,11.68,2011-06-21,2011-06-27,1
20110614,AL,1.65,98.35,54.88,40.71,21.59,3.72,2011-06-14,2011-06-20,1
20110607,AL,23.28,76.72,54.88,40.71,21.32,0.79,2011-06-07,2011-06-13,1
20110531,AL,33.26,66.74,43.5,34.25,13.14,0,2011-05-31,2011-06-06,1
20110524,AL,33.26,66.74,42.78,33.54,12.86,0,2011-05-24,2011-05-30,1
20110517,AL,51.78,48.22,38.34,29.45,6.28,0,2011-05-17,2011-05-23,1
20110510,AL,52.59,47.41,37.99,28.6,1.38,0,2011-05-10,2011-05-16,1
20110503,AL,52.59,47.41,38,17.1,1.38,0,2011-05-03,2011-05-09,1
20110426,AL,52.59,47.41,38,16.83,0,0,2011-04-26,2011-05-02,1
20110419,AL,54.03,45.97,38,16.83,0,0,2011-04-19,2011-04-25,1
20110412,AL,52.07,47.93,40.8,17.72,0,0,2011-04-12,2011-04-18,1
20110405,AL,52.73,47.27,41.78,16.06,0,0,2011-04-05,2011-04-11,1
20110329,AL,42.08,57.92,41.09,23.5,1.51,0,2011-03-29,2011-04-04,1
20110322,AL,16.35,83.65,47.17,23.5,2.33,0,2011-03-22,2011-03-28,1
20110315,AL,16.35,83.65,47.17,23.5,2.33,0,2011-03-15,2011-03-21,1
20110308,AL,0,100,89.24,26.7,3.31,0,2011-03-08,2011-03-14,1
20110301,AL,0,100,100,38.69,3.31,0,2011-03-01,2011-03-07,1
20110222,AL,0,100,87.55,28.26,0,0,2011-02-22,2011-02-28,1
20110215,AL,0,100,66.11,23.07,0,0,2011-02-15,2011-02-21,1
20110208,AL,17.68,82.32,57.84,23.07,0,0,2011-02-08,2011-02-14,1
20110201,AL,15.22,84.78,57.84,28.78,1.82,0,2011-02-01,2011-02-07,1
20110125,AL,14.54,85.46,57.84,28.78,1.82,0,2011-01-25,2011-01-31,1
20110118,AL,14.54,85.46,57.84,28.78,1.82,0,2011-01-18,2011-01-24,1
20110111,AL,27.88,72.12,53.8,28.78,1.82,0,2011-01-11,2011-01-17,1
20110104,AL,27.88,72.12,53.8,28.77,1.82,0,2011-01-04,2011-01-10,1
20101228,AL,17.47,82.53,55.27,29.35,1.82,0,2010-12-28,2011-01-03,1
20101221,AL,29.65,70.35,50.16,19.91,1.82,0,2010-12-21,2010-12-27,1
20101214,AL,29.65,70.35,50.16,18.75,1.82,0,2010-12-14,2010-12-20,1
20101207,AL,23.05,76.95,59.55,18.75,1.82,0,2010-12-07,2010-12-13,1
20101130,AL,7.43,92.57,60.08,35.1,6.26,0,2010-11-30,2010-12-06,1
20101123,AL,0,100,64.18,36.26,6.26,0,2010-11-23,2010-11-29,1
20101116,AL,0,100,66.01,33.76,11.61,0,2010-11-16,2010-11-22,1
20101109,AL,0,100,72.49,40.21,15.15,0,2010-11-09,2010-11-15,1
20101102,AL,0,100,77.66,35.75,12.43,0,2010-11-02,2010-11-08,1
20101026,AL,0,100,93.06,44.58,12.01,0,2010-10-26,2010-11-01,1
20101019,AL,0,100,96.74,43.74,12.01,0,2010-10-19,2010-10-25,1
20101012,AL,0,100,95.73,38.67,9.04,0,2010-10-12,2010-10-18,1
20101005,AL,3.66,96.34,66.35,25.7,4.4,0,2010-10-05,2010-10-11,1
20100928,AL,3.64,96.36,66.35,25.17,4.4,0,2010-09-28,2010-10-04,1
20100921,AL,0.15,99.85,66.1,30.44,4.4,0,2010-09-21,2010-09-27,1
20100914,AL,13.9,86.1,34.23,11.27,0,0,2010-09-14,2010-09-20,1
20100907,AL,42.22,57.78,17.59,0,0,0,2010-09-07,2010-09-13,1
20100831,AL,47.64,52.36,17.59,0,0,0,2010-08-31,2010-09-06,1
20100824,AL,47.64,52.36,17.59,0,0,0,2010-08-24,2010-08-30,1
20100817,AL,34.08,65.92,19.22,0,0,0,2010-08-17,2010-08-23,1
20100810,AL,32.24,67.76,25.8,0,0,0,2010-08-10,2010-08-16,1
20100803,AL,35.8,64.2,22.49,0,0,0,2010-08-03,2010-08-09,1
20100727,AL,40.76,59.24,5.51,0,0,0,2010-07-27,2010-08-02,1
20100720,AL,49.4,50.6,0,0,0,0,2010-07-20,2010-07-26,1
20100713,AL,53.34,46.66,0,0,0,0,2010-07-13,2010-07-19,1
20100706,AL,55.58,44.42,0,0,0,0,2010-07-06,2010-07-12,1
20100629,AL,100,0,0,0,0,0,2010-06-29,2010-07-05,1
20100622,AL,100,0,0,0,0,0,2010-06-22,2010-06-28,1
20100615,AL,100,0,0,0,0,0,2010-06-15,2010-06-21,1
20100608,AL,100,0,0,0,0,0,2010-06-08,2010-06-14,1
20100601,AL,100,0,0,0,0,0,2010-06-01,2010-06-07,1
20100525,AL,100,0,0,0,0,0,2010-05-25,2010-05-31,1
20100518,AL,100,0,0,0,0,0,2010-05-18,2010-05-24,1
20100511,AL,100,0,0,0,0,0,2010-05-11,2010-05-17,1
20100504,AL,100,0,0,0,0,0,2010-05-04,2010-05-10,1
20100427,AL,61.31,38.69,0,0,0,0,2010-04-27,2010-05-03,1
20100420,AL,58.74,41.26,0,0,0,0,2010-04-20,2010-04-26,1
20100413,AL,71.27,28.73,0,0,0,0,2010-04-13,2010-04-19,1
20100406,AL,74.12,25.88,0,0,0,0,2010-04-06,2010-04-12,1
20100330,AL,100,0,0,0,0,0,2010-03-30,2010-04-05,1
20100323,AL,100,0,0,0,0,0,2010-03-23,2010-03-29,1
20100316,AL,100,0,0,0,0,0,2010-03-16,2010-03-22,1
20100309,AL,85.95,14.05,0,0,0,0,2010-03-09,2010-03-15,1
20100302,AL,100,0,0,0,0,0,2010-03-02,2010-03-08,1
20100223,AL,100,0,0,0,0,0,2010-02-23,2010-03-01,1
20100216,AL,100,0,0,0,0,0,2010-02-16,2010-02-22,1
20100209,AL,100,0,0,0,0,0,2010-02-09,2010-02-15,1
20100202,AL,100,0,0,0,0,0,2010-02-02,2010-02-08,1
20100126,AL,100,0,0,0,0,0,2010-01-26,2010-02-01,1
20100119,AL,100,0,0,0,0,0,2010-01-19,2010-01-25,1
20100112,AL,100,0,0,0,0,0,2010-01-12,2010-01-18,1
20100105,AL,100,0,0,0,0,0,2010-01-05,2010-01-11,1
20091229,AL,100,0,0,0,0,0,2009-12-29,2010-01-04,1
20091222,AL,100,0,0,0,0,0,2009-12-22,2009-12-28,1
20091215,AL,100,0,0,0,0,0,2009-12-15,2009-12-21,1
20091208,AL,100,0,0,0,0,0,2009-12-08,2009-12-14,1
20091201,AL,100,0,0,0,0,0,2009-12-01,2009-12-07,1
20091124,AL,100,0,0,0,0,0,2009-11-24,2009-11-30,1
20091117,AL,100,0,0,0,0,0,2009-11-17,2009-11-23,1
20091110,AL,100,0,0,0,0,0,2009-11-10,2009-11-16,1
20091103,AL,100,0,0,0,0,0,2009-11-03,2009-11-09,1
20091027,AL,100,0,0,0,0,0,2009-10-27,2009-11-02,1
20091020,AL,100,0,0,0,0,0,2009-10-20,2009-10-26,1
20091013,AL,100,0,0,0,0,0,2009-10-13,2009-10-19,1
20091006,AL,100,0,0,0,0,0,2009-10-06,2009-10-12,1
20090929,AL,100,0,0,0,0,0,2009-09-29,2009-10-05,1
20090922,AL,100,0,0,0,0,0,2009-09-22,2009-09-28,1
20090915,AL,100,0,0,0,0,0,2009-09-15,2009-09-21,1
20090908,AL,100,0,0,0,0,0,2009-09-08,2009-09-14,1
20090901,AL,100,0,0,0,0,0,2009-09-01,2009-09-07,1
20090825,AL,89.54,10.46,0,0,0,0,2009-08-25,2009-08-31,1
20090818,AL,89.32,10.68,0,0,0,0,2009-08-18,2009-08-24,1
20090811,AL,89.32,10.68,0,0,0,0,2009-08-11,2009-08-17,1
20090804,AL,89.32,10.68,0,0,0,0,2009-08-04,2009-08-10,1
20090728,AL,71.14,28.86,0,0,0,0,2009-07-28,2009-08-03,1
20090721,AL,60.08,39.92,0,0,0,0,2009-07-21,2009-07-27,1
20090714,AL,74.48,25.52,0,0,0,0,2009-07-14,2009-07-20,1
20090707,AL,74.48,25.52,0,0,0,0,2009-07-07,2009-07-13,1
20090630,AL,88.43,11.57,0,0,0,0,2009-06-30,2009-07-06,1
20090623,AL,91.92,8.08,0,0,0,0,2009-06-23,2009-06-29,1
20090616,AL,100,0,0,0,0,0,2009-06-16,2009-06-22,1
20090609,AL,100,0,0,0,0,0,2009-06-09,2009-06-15,1
20090602,AL,100,0,0,0,0,0,2009-06-02,2009-06-08,1
20090526,AL,100,0,0,0,0,0,2009-05-26,2009-06-01,1
20090519,AL,100,0,0,0,0,0,2009-05-19,2009-05-25,1
20090512,AL,100,0,0,0,0,0,2009-05-12,2009-05-18,1
20090505,AL,100,0,0,0,0,0,2009-05-05,2009-05-11,1
20090428,AL,100,0,0,0,0,0,2009-04-28,2009-05-04,1
20090421,AL,100,0,0,0,0,0,2009-04-21,2009-04-27,1
20090414,AL,100,0,0,0,0,0,2009-04-14,2009-04-20,1
20090407,AL,100,0,0,0,0,0,2009-04-07,2009-04-13,1
20090331,AL,98.29,1.71,0.05,0,0,0,2009-03-31,2009-04-06,1
20090324,AL,27.29,72.71,6.67,0,0,0,2009-03-24,2009-03-30,1
20090317,AL,27.29,72.71,13.17,0,0,0,2009-03-17,2009-03-23,1
20090310,AL,27.29,72.71,13.17,0,0,0,2009-03-10,2009-03-16,1
20090303,AL,27.29,72.71,13.17,0,0,0,2009-03-03,2009-03-09,1
20090224,AL,21.25,78.75,9.06,0,0,0,2009-02-24,2009-03-02,1
20090217,AL,21.25,78.75,7.71,0,0,0,2009-02-17,2009-02-23,1
20090210,AL,27.34,72.66,5.79,0,0,0,2009-02-10,2009-02-16,1
20090203,AL,41.32,58.68,0,0,0,0,2009-02-03,2009-02-09,1
20090127,AL,61.03,38.97,0,0,0,0,2009-01-27,2009-02-02,1
20090120,AL,65.35,34.65,0,0,0,0,2009-01-20,2009-01-26,1
20090113,AL,65.35,34.65,0,0,0,0,2009-01-13,2009-01-19,1
20090106,AL,70.01,29.99,0,0,0,0,2009-01-06,2009-01-12,1
20081230,AL,70.01,29.99,0,0,0,0,2008-12-30,2009-01-05,1
20081223,AL,77.26,22.74,0,0,0,0,2008-12-23,2008-12-29,1
20081216,AL,77.26,22.74,0,0,0,0,2008-12-16,2008-12-22,1
20081209,AL,26.84,73.16,27.63,1.32,0,0,2008-12-09,2008-12-15,1
20081202,AL,17.73,82.27,27.85,1.32,0,0,2008-12-02,2008-12-08,1
20081125,AL,20.8,79.2,21.94,1.5,0,0,2008-11-25,2008-12-01,1
20081118,AL,27.22,72.78,21.94,1.5,0,0,2008-11-18,2008-11-24,1
20081111,AL,27.12,72.88,22.86,1.76,0,0,2008-11-11,2008-11-17,1
20081104,AL,27.12,72.88,10.54,1.76,0,0,2008-11-04,2008-11-10,1
20081028,AL,27.12,72.88,10.54,1.76,0,0,2008-10-28,2008-11-03,1
20081021,AL,8.69,91.31,12.12,1.86,0,0,2008-10-21,2008-10-27,1
20081014,AL,9.09,90.91,12.01,1.76,0,0,2008-10-14,2008-10-20,1
20081007,AL,6.99,93.01,52.7,4.05,0,0,2008-10-07,2008-10-13,1
20080930,AL,6.99,93.01,52.7,4.05,0,0,2008-09-30,2008-10-06,1
20080923,AL,41.53,58.47,17.78,0.62,0,0,2008-09-23,2008-09-29,1
20080916,AL,41.53,58.47,17.78,0.62,0,0,2008-09-16,2008-09-22,1
20080909,AL,41.53,58.47,17.78,3.25,0,0,2008-09-09,2008-09-15,1
20080902,AL,41.37,58.63,17.78,3.25,0,0,2008-09-02,2008-09-08,1
20080826,AL,41.37,58.63,17.78,3.96,0,0,2008-08-26,2008-09-01,1
20080819,AL,16.26,83.74,71.04,48.53,12.78,0,2008-08-19,2008-08-25,1
20080812,AL,2.89,97.11,80,49.24,15.21,0,2008-08-12,2008-08-18,1
20080805,AL,6.13,93.87,80.06,49.24,10.95,0,2008-08-05,2008-08-11,1
20080729,AL,6.13,93.87,79.33,41.9,0,0,2008-07-29,2008-08-04,1
20080722,AL,6.13,93.87,79.33,35.74,0,0,2008-07-22,2008-07-28,1
20080715,AL,6.13,93.87,67.43,29.26,0,0,2008-07-15,2008-07-21,1
20080708,AL,6.13,93.87,65.89,29.46,0,0,2008-07-08,2008-07-14,1
20080701,AL,6.13,93.87,65.89,29.46,0,0,2008-07-01,2008-07-07,1
20080624,AL,20.1,79.9,56.23,25.4,0,0,2008-06-24,2008-06-30,1
20080617,AL,16.85,83.15,61.62,22.31,0,0,2008-06-17,2008-06-23,1
20080610,AL,12.49,87.51,63.21,35.89,0,0,2008-06-10,2008-06-16,1
20080603,AL,17.86,82.14,56.62,35.32,0,0,2008-06-03,2008-06-09,1
20080527,AL,9.7,90.3,63.91,42.81,4.05,0,2008-05-27,2008-06-02,1
20080520,AL,8.28,91.72,60.72,42.13,6.73,0,2008-05-20,2008-05-26,1
20080513,AL,12,88,66.06,45.98,10.38,0,2008-05-13,2008-05-19,1
20080506,AL,12,88,67.51,47.89,16.48,0,2008-05-06,2008-05-12,1
20080429,AL,11.98,88.02,67.51,47.89,16.48,0,2008-04-29,2008-05-05,1
20080422,AL,11.98,88.02,67.51,47.89,16.48,0,2008-04-22,2008-04-28,1
20080415,AL,19.87,80.13,67.51,47.89,16.48,0,2008-04-15,2008-04-21,1
20080408,AL,23.01,76.99,67.51,47.89,25.17,0,2008-04-08,2008-04-14,1
20080401,AL,20.22,79.78,72.12,57.08,33.89,0,2008-04-01,2008-04-07,1
20080325,AL,21.27,78.73,68.73,57.08,33.94,0,2008-03-25,2008-03-31,1
20080318,AL,21.27,78.73,68.99,57.23,34.07,1.54,2008-03-18,2008-03-24,1
20080311,AL,21.27,78.73,68.99,57.23,34.07,4.2,2008-03-11,2008-03-17,1
20080304,AL,20.17,79.83,69.63,57.26,34.07,4.2,2008-03-04,2008-03-10,1
20080226,AL,20.17,79.83,69.64,57.32,41.82,15.37,2008-02-26,2008-03-03,1
20080219,AL,18.25,81.75,74.07,64.69,47.9,35.32,2008-02-19,2008-02-25,1
20080212,AL,18.25,81.75,74.17,65.04,49.76,36.68,2008-02-12,2008-02-18,1
20080205,AL,18.25,81.75,74.17,65.04,49.76,36.68,2008-02-05,2008-02-11,1
20080129,AL,14.2,85.8,78.53,69.32,57.62,42.06,2008-01-29,2008-02-04,1
20080122,AL,14.2,85.8,77.84,66.97,53.76,39.1,2008-01-22,2008-01-28,1
20080115,AL,9.11,90.89,79.14,68.4,55.58,38.94,2008-01-15,2008-01-21,1
20080108,AL,9.51,90.49,82.17,66.93,56.49,38.94,2008-01-08,2008-01-14,1
20080101,AL,9.51,90.49,80.82,66.93,56.49,38.94,2008-01-01,2008-01-07,1
20071225,AL,7.28,92.72,84.35,70.54,60.25,49.19,2007-12-25,2007-12-31,1
20071218,AL,6,94,85.86,72.02,60.82,49.19,2007-12-18,2007-12-24,1
20071211,AL,6,94,85.98,72.02,60.82,49.19,2007-12-11,2007-12-17,1
20071204,AL,6,94,85.98,71.82,60.5,48.9,2007-12-04,2007-12-10,1
20071127,AL,6,94,85.45,71.08,60.5,48.9,2007-11-27,2007-12-03,1
20071120,AL,1.29,98.71,88.22,76.19,63.6,49.84,2007-11-20,2007-11-26,1
20071113,AL,1.29,98.71,88.22,76.19,57.95,46.03,2007-11-13,2007-11-19,1
20071106,AL,3.36,96.64,81.71,65.5,55.3,42.94,2007-11-06,2007-11-12,1
20071030,AL,3.5,96.5,81.71,63.22,54.49,36.48,2007-10-30,2007-11-05,1
20071023,AL,3.86,96.14,90.35,79.2,73.05,63.69,2007-10-23,2007-10-29,1
20071016,AL,0,100,99.98,93.25,83.13,73.05,2007-10-16,2007-10-22,1
20071009,AL,0,100,99.98,91.03,78.2,58.83,2007-10-09,2007-10-15,1
20071002,AL,0,100,95.42,83.76,76.11,51.98,2007-10-02,2007-10-08,1
20070925,AL,1.39,98.61,90.19,81.94,71.12,48.73,2007-09-25,2007-10-01,1
20070918,AL,1.39,98.61,90.19,81.94,71.12,49.12,2007-09-18,2007-09-24,1
20070911,AL,1.23,98.77,91.95,84.22,72.22,61.28,2007-09-11,2007-09-17,1
20070904,AL,1.23,98.77,91.95,84.22,71.88,61.28,2007-09-04,2007-09-10,1
20070828,AL,0,100,94.55,91.56,87.23,73.4,2007-08-28,2007-09-03,1
20070821,AL,0,100,95.96,91.74,87.47,74.38,2007-08-21,2007-08-27,1
20070814,AL,0,100,96.04,91.74,85.48,73.13,2007-08-14,2007-08-20,1
20070807,AL,0,100,94.35,90.42,77.51,51.85,2007-08-07,2007-08-13,1
20070731,AL,0,100,94.35,82.75,62.77,32.55,2007-07-31,2007-08-06,1
20070724,AL,0,100,90.29,71.56,41.57,17.75,2007-07-24,2007-07-30,1
20070717,AL,0,100,90.29,71.56,41.57,24.34,2007-07-17,2007-07-23,1
20070710,AL,0,100,90.35,71.1,43.55,24.63,2007-07-10,2007-07-16,1
20070703,AL,0,100,100,86.47,70.48,41.86,2007-07-03,2007-07-09,1
20070626,AL,0,100,100,88.53,72.83,43.74,2007-06-26,2007-07-02,1
20070619,AL,0,100,100,94.02,90.01,42.7,2007-06-19,2007-06-25,1
20070612,AL,0,100,100,99.51,62.8,37.94,2007-06-12,2007-06-18,1
20070605,AL,0,100,100,76.43,62.7,21.89,2007-06-05,2007-06-11,1
20070529,AL,0,100,100,69.14,60.11,0,2007-05-29,2007-06-04,1
20070522,AL,0,100,100,69.14,58.75,0,2007-05-22,2007-05-28,1
20070515,AL,0,100,84.69,64.87,51.03,0,2007-05-15,2007-05-21,1
20070508,AL,0,100,81.6,64.87,50.9,0,2007-05-08,2007-05-14,1
20070501,AL,9.82,90.18,81.6,57.23,37.57,0,2007-05-01,2007-05-07,1
20070424,AL,9.82,90.18,81.6,50.39,16.19,0,2007-04-24,2007-04-30,1
20070417,AL,12.55,87.45,74.81,40.94,10.19,0,2007-04-17,2007-04-23,1
20070410,AL,0,100,80.85,38.65,9.3,0,2007-04-10,2007-04-16,1
20070403,AL,0,100,81.47,50.48,9.3,0,2007-04-03,2007-04-09,1
20070327,AL,0,100,77.82,43.36,3.78,0,2007-03-27,2007-04-02,1
20070320,AL,0,100,62.67,6.96,0,0,2007-03-20,2007-03-26,1
20070313,AL,5.77,94.23,60.74,6.96,0,0,2007-03-13,2007-03-19,1
20070306,AL,37.58,62.42,3.78,0,0,0,2007-03-06,2007-03-12,1
20070227,AL,37.61,62.39,3.68,0,0,0,2007-02-27,2007-03-05,1
20070220,AL,45.89,54.11,3.68,0,0,0,2007-02-20,2007-02-26,1
20070213,AL,46.65,53.35,2.68,0,0,0,2007-02-13,2007-02-19,1
20070206,AL,90.48,9.52,0,0,0,0,2007-02-06,2007-02-12,1
20070130,AL,95.85,4.15,0,0,0,0,2007-01-30,2007-02-05,1
20070123,AL,95.85,4.15,0,0,0,0,2007-01-23,2007-01-29,1
20070116,AL,56.02,43.98,0,0,0,0,2007-01-16,2007-01-22,1
20070109,AL,67.84,32.16,0,0,0,0,2007-01-09,2007-01-15,1
20070102,AL,51.88,48.12,0,0,0,0,2007-01-02,2007-01-08,1
20061226,AL,51.88,48.12,0,0,0,0,2006-12-26,2007-01-01,1
20061219,AL,47.96,52.04,0,0,0,0,2006-12-19,2006-12-25,1
20061212,AL,84.38,15.62,0,0,0,0,2006-12-12,2006-12-18,1
20061205,AL,86.61,13.39,0,0,0,0,2006-12-05,2006-12-11,1
20061128,AL,94.12,5.88,0,0,0,0,2006-11-28,2006-12-04,1
20061121,AL,92.66,7.34,0,0,0,0,2006-11-21,2006-11-27,1
20061114,AL,48.25,51.75,0,0,0,0,2006-11-14,2006-11-20,1
20061107,AL,48.25,51.75,0,0,0,0,2006-11-07,2006-11-13,1
20061031,AL,25.89,74.11,17.5,0,0,0,2006-10-31,2006-11-06,1
20061024,AL,15.39,84.61,34.21,0,0,0,2006-10-24,2006-10-30,1
20061017,AL,0,100,57.96,0,0,0,2006-10-17,2006-10-23,1
20061010,AL,0,100,73.29,0,0,0,2006-10-10,2006-10-16,1
20061003,AL,0,100,73.29,0,0,0,2006-10-03,2006-10-09,1
20060926,AL,0,100,74.16,0,0,0,2006-09-26,2006-10-02,1
20060919,AL,0,100,94.95,0,0,0,2006-09-19,2006-09-25,1
20060912,AL,0,100,99.96,89.83,5.89,0,2006-09-12,2006-09-18,1
20060905,AL,0,100,100,89.88,5.89,0,2006-09-05,2006-09-11,1
20060829,AL,0,100,100,89.88,5.89,0,2006-08-29,2006-09-04,1
20060822,AL,0,100,100,92.85,19.7,0,2006-08-22,2006-08-28,1
20060815,AL,0,100,100,92.3,19.7,0,2006-08-15,2006-08-21,1
20060808,AL,0,100,100,92.92,35.55,0,2006-08-08,2006-08-14,1
20060801,AL,0,100,100,71.64,33.55,0,2006-08-01,2006-08-07,1
20060725,AL,0,100,99.61,70.84,33.55,0,2006-07-25,2006-07-31,1
20060718,AL,0,100,95.35,70.77,33.55,0,2006-07-18,2006-07-24,1
20060711,AL,2.06,97.94,86.13,30.25,8.95,0,2006-07-11,2006-07-17,1
20060704,AL,2.14,97.86,87.45,17.12,0.75,0,2006-07-04,2006-07-10,1
20060627,AL,31.28,68.72,46.5,6.61,0.75,0,2006-06-27,2006-07-03,1
20060620,AL,35.6,64.4,37.09,6.61,0.75,0,2006-06-20,2006-06-26,1
20060613,AL,35.6,64.4,36.89,6.61,0.75,0,2006-06-13,2006-06-19,1
20060606,AL,79.58,20.42,8.26,5.41,0,0,2006-06-06,2006-06-12,1
20060530,AL,87.09,12.91,4.08,0.57,0,0,2006-05-30,2006-06-05,1
20060523,AL,94.81,5.19,0.27,0,0,0,2006-05-23,2006-05-29,1
20060516,AL,94.81,5.19,0.27,0,0,0,2006-05-16,2006-05-22,1
20060509,AL,56.59,43.41,2.74,0,0,0,2006-05-09,2006-05-15,1
20060502,AL,55.88,44.12,2.42,0,0,0,2006-05-02,2006-05-08,1
20060425,AL,56.42,43.58,15.79,1.92,0,0,2006-04-25,2006-05-01,1
20060418,AL,54.02,45.98,8.68,1.36,0,0,2006-04-18,2006-04-24,1
20060411,AL,65.72,34.28,8.04,1.07,0,0,2006-04-11,2006-04-17,1
20060404,AL,59.74,40.26,1.42,0,0,0,2006-04-04,2006-04-10,1
20060328,AL,94.21,5.79,0,0,0,0,2006-03-28,2006-04-03,1
20060321,AL,95.01,4.99,0,0,0,0,2006-03-21,2006-03-27,1
20060314,AL,95.78,4.22,0,0,0,0,2006-03-14,2006-03-20,1
20060307,AL,99.91,0.09,0,0,0,0,2006-03-07,2006-03-13,1
20060228,AL,99.96,0.04,0,0,0,0,2006-02-28,2006-03-06,1
20060221,AL,99.96,0.04,0,0,0,0,2006-02-21,2006-02-27,1
20060214,AL,99.96,0.04,0,0,0,0,2006-02-14,2006-02-20,1
20060207,AL,80.7,19.3,0.15,0,0,0,2006-02-07,2006-02-13,1
20060131,AL,69.3,30.7,1.44,0,0,0,2006-01-31,2006-02-06,1
20060124,AL,65.56,34.44,0,0,0,0,2006-01-24,2006-01-30,1
20060117,AL,45.87,54.13,0,0,0,0,2006-01-17,2006-01-23,1
20060110,AL,47.8,52.2,0,0,0,0,2006-01-10,2006-01-16,1
20060103,AL,100,0,0,0,0,0,2006-01-03,2006-01-09,1
20051227,AL,100,0,0,0,0,0,2005-12-27,2006-01-02,1
20051220,AL,99.38,0.62,0,0,0,0,2005-12-20,2005-12-26,1
20051213,AL,99.32,0.68,0,0,0,0,2005-12-13,2005-12-19,1
20051206,AL,99.32,0.68,0,0,0,0,2005-12-06,2005-12-12,1
20051129,AL,81.38,18.62,0,0,0,0,2005-11-29,2005-12-05,1
20051122,AL,43.93,56.07,0,0,0,0,2005-11-22,2005-11-28,1
20051115,AL,16.92,83.08,1.14,0,0,0,2005-11-15,2005-11-21,1
20051108,AL,43.58,56.42,9.6,0,0,0,2005-11-08,2005-11-14,1
20051101,AL,42.72,57.28,0,0,0,0,2005-11-01,2005-11-07,1
20051025,AL,79.25,20.75,0,0,0,0,2005-10-25,2005-10-31,1
20051018,AL,99.85,0.15,0,0,0,0,2005-10-18,2005-10-24,1
20051011,AL,100,0,0,0,0,0,2005-10-11,2005-10-17,1
20051004,AL,100,0,0,0,0,0,2005-10-04,2005-10-10,1
20050927,AL,100,0,0,0,0,0,2005-09-27,2005-10-03,1
20050920,AL,100,0,0,0,0,0,2005-09-20,2005-09-26,1
20050913,AL,100,0,0,0,0,0,2005-09-13,2005-09-19,1
20050906,AL,100,0,0,0,0,0,2005-09-06,2005-09-12,1
20050830,AL,100,0,0,0,0,0,2005-08-30,2005-09-05,1
20050823,AL,100,0,0,0,0,0,2005-08-23,2005-08-29,1
20050816,AL,100,0,0,0,0,0,2005-08-16,2005-08-22,1
20050809,AL,100,0,0,0,0,0,2005-08-09,2005-08-15,1
20050802,AL,100,0,0,0,0,0,2005-08-02,2005-08-08,1
20050726,AL,100,0,0,0,0,0,2005-07-26,2005-08-01,1
20050719,AL,100,0,0,0,0,0,2005-07-19,2005-07-25,1
20050712,AL,100,0,0,0,0,0,2005-07-12,2005-07-18,1
20050705,AL,100,0,0,0,0,0,2005-07-05,2005-07-11,1
20050628,AL,100,0,0,0,0,0,2005-06-28,2005-07-04,1
20050621,AL,100,0,0,0,0,0,2005-06-21,2005-06-27,1
20050614,AL,100,0,0,0,0,0,2005-06-14,2005-06-20,1
20050607,AL,98.07,1.93,0,0,0,0,2005-06-07,2005-06-13,1
20050531,AL,88.93,11.07,1.32,0,0,0,2005-05-31,2005-06-06,1
20050524,AL,92.05,7.95,0,0,0,0,2005-05-24,2005-05-30,1
20050517,AL,100,0,0,0,0,0,2005-05-17,2005-05-23,1
20050510,AL,100,0,0,0,0,0,2005-05-10,2005-05-16,1
20050503,AL,100,0,0,0,0,0,2005-05-03,2005-05-09,1
20050426,AL,100,0,0,0,0,0,2005-04-26,2005-05-02,1
20050419,AL,100,0,0,0,0,0,2005-04-19,2005-04-25,1
20050412,AL,100,0,0,0,0,0,2005-04-12,2005-04-18,1
20050405,AL,100,0,0,0,0,0,2005-04-05,2005-04-11,1
20050329,AL,100,0,0,0,0,0,2005-03-29,2005-04-04,1
20050322,AL,84.05,15.95,0,0,0,0,2005-03-22,2005-03-28,1
20050315,AL,83.76,16.24,0,0,0,0,2005-03-15,2005-03-21,1
20050308,AL,100,0,0,0,0,0,2005-03-08,2005-03-14,1
20050301,AL,100,0,0,0,0,0,2005-03-01,2005-03-07,1
20050222,AL,100,0,0,0,0,0,2005-02-22,2005-02-28,1
20050215,AL,100,0,0,0,0,0,2005-02-15,2005-02-21,1
20050208,AL,100,0,0,0,0,0,2005-02-08,2005-02-14,1
20050201,AL,100,0,0,0,0,0,2005-02-01,2005-02-07,1
20050125,AL,100,0,0,0,0,0,2005-01-25,2005-01-31,1
20050118,AL,100,0,0,0,0,0,2005-01-18,2005-01-24,1
20050111,AL,100,0,0,0,0,0,2005-01-11,2005-01-17,1
20050104,AL,100,0,0,0,0,0,2005-01-04,2005-01-10,1
20041228,AL,100,0,0,0,0,0,2004-12-28,2005-01-03,1
20041221,AL,100,0,0,0,0,0,2004-12-21,2004-12-27,1
20041214,AL,100,0,0,0,0,0,2004-12-14,2004-12-20,1
20041207,AL,100,0,0,0,0,0,2004-12-07,2004-12-13,1
20041130,AL,100,0,0,0,0,0,2004-11-30,2004-12-06,1
20041123,AL,100,0,0,0,0,0,2004-11-23,2004-11-29,1
20041116,AL,100,0,0,0,0,0,2004-11-16,2004-11-22,1
20041109,AL,100,0,0,0,0,0,2004-11-09,2004-11-15,1
20041102,AL,100,0,0,0,0,0,2004-11-02,2004-11-08,1
20041026,AL,100,0,0,0,0,0,2004-10-26,2004-11-01,1
20041019,AL,100,0,0,0,0,0,2004-10-19,2004-10-25,1
20041012,AL,100,0,0,0,0,0,2004-10-12,2004-10-18,1
20041005,AL,100,0,0,0,0,0,2004-10-05,2004-10-11,1
20040928,AL,100,0,0,0,0,0,2004-09-28,2004-10-04,1
20040921,AL,100,0,0,0,0,0,2004-09-21,2004-09-27,1
20040914,AL,100,0,0,0,0,0,2004-09-14,2004-09-20,1
20040907,AL,100,0,0,0,0,0,2004-09-07,2004-09-13,1
20040831,AL,100,0,0,0,0,0,2004-08-31,2004-09-06,1
20040824,AL,100,0,0,0,0,0,2004-08-24,2004-08-30,1
20040817,AL,89.89,10.11,0,0,0,0,2004-08-17,2004-08-23,1
20040810,AL,68.02,31.98,0,0,0,0,2004-08-10,2004-08-16,1
20040803,AL,94.37,5.63,0,0,0,0,2004-08-03,2004-08-09,1
20040727,AL,100,0,0,0,0,0,2004-07-27,2004-08-02,1
20040720,AL,100,0,0,0,0,0,2004-07-20,2004-07-26,1
20040713,AL,100,0,0,0,0,0,2004-07-13,2004-07-19,1
20040706,AL,100,0,0,0,0,0,2004-07-06,2004-07-12,1
20040629,AL,100,0,0,0,0,0,2004-06-29,2004-07-05,1
20040622,AL,93.52,6.48,0,0,0,0,2004-06-22,2004-06-28,1
20040615,AL,89.16,10.84,0,0,0,0,2004-06-15,2004-06-21,1
20040608,AL,58.33,41.67,4.09,0,0,0,2004-06-08,2004-06-14,1
20040601,AL,52.28,47.72,5.17,0,0,0,2004-06-01,2004-06-07,1
20040525,AL,0.3,99.7,5.17,0,0,0,2004-05-25,2004-05-31,1
20040518,AL,63.61,36.39,1.93,0,0,0,2004-05-18,2004-05-24,1
20040511,AL,64.22,35.78,1.93,0,0,0,2004-05-11,2004-05-17,1
20040504,AL,86,14,0.29,0,0,0,2004-05-04,2004-05-10,1
20040427,AL,46.57,53.43,10.53,0,0,0,2004-04-27,2004-05-03,1
20040420,AL,50.84,49.16,15.64,0,0,0,2004-04-20,2004-04-26,1
20040413,AL,50.81,49.19,0,0,0,0,2004-04-13,2004-04-19,1
20040406,AL,37.23,62.77,0,0,0,0,2004-04-06,2004-04-12,1
20040330,AL,56.01,43.99,0,0,0,0,2004-03-30,2004-04-05,1
20040323,AL,65.23,34.77,0,0,0,0,2004-03-23,2004-03-29,1
20040316,AL,100,0,0,0,0,0,2004-03-16,2004-03-22,1
20040309,AL,100,0,0,0,0,0,2004-03-09,2004-03-15,1
20040302,AL,100,0,0,0,0,0,2004-03-02,2004-03-08,1
20040224,AL,100,0,0,0,0,0,2004-02-24,2004-03-01,1
20040217,AL,100,0,0,0,0,0,2004-02-17,2004-02-23,1
20040210,AL,100,0,0,0,0,0,2004-02-10,2004-02-16,1
20040203,AL,100,0,0,0,0,0,2004-02-03,2004-02-09,1
20040127,AL,100,0,0,0,0,0,2004-01-27,2004-02-02,1
20040120,AL,100,0,0,0,0,0,2004-01-20,2004-01-26,1
20040113,AL,100,0,0,0,0,0,2004-01-13,2004-01-19,1
20040106,AL,100,0,0,0,0,0,2004-01-06,2004-01-12,1
20031230,AL,100,0,0,0,0,0,2003-12-30,2004-01-05,1
20031223,AL,100,0,0,0,0,0,2003-12-23,2003-12-29,1
20031216,AL,100,0,0,0,0,0,2003-12-16,2003-12-22,1
20031209,AL,100,0,0,0,0,0,2003-12-09,2003-12-15,1
20031202,AL,100,0,0,0,0,0,2003-12-02,2003-12-08,1
20031125,AL,100,0,0,0,0,0,2003-11-25,2003-12-01,1
20031118,AL,100,0,0,0,0,0,2003-11-18,2003-11-24,1
20031111,AL,100,0,0,0,0,0,2003-11-11,2003-11-17,1
20031104,AL,100,0,0,0,0,0,2003-11-04,2003-11-10,1
20031028,AL,100,0,0,0,0,0,2003-10-28,2003-11-03,1
20031021,AL,100,0,0,0,0,0,2003-10-21,2003-10-27,1
20031014,AL,100,0,0,0,0,0,2003-10-14,2003-10-20,1
20031007,AL,100,0,0,0,0,0,2003-10-07,2003-10-13,1
20030930,AL,100,0,0,0,0,0,2003-09-30,2003-10-06,1
20030923,AL,100,0,0,0,0,0,2003-09-23,2003-09-29,1
20030916,AL,100,0,0,0,0,0,2003-09-16,2003-09-22,1
20030909,AL,100,0,0,0,0,0,2003-09-09,2003-09-15,1
20030902,AL,100,0,0,0,0,0,2003-09-02,2003-09-08,1
20030826,AL,100,0,0,0,0,0,2003-08-26,2003-09-01,1
20030819,AL,100,0,0,0,0,0,2003-08-19,2003-08-25,1
20030812,AL,100,0,0,0,0,0,2003-08-12,2003-08-18,1
20030805,AL,100,0,0,0,0,0,2003-08-05,2003-08-11,1
20030729,AL,100,0,0,0,0,0,2003-07-29,2003-08-04,1
20030722,AL,100,0,0,0,0,0,2003-07-22,2003-07-28,1
20030715,AL,100,0,0,0,0,0,2003-07-15,2003-07-21,1
20030708,AL,100,0,0,0,0,0,2003-07-08,2003-07-14,1
20030701,AL,100,0,0,0,0,0,2003-07-01,2003-07-07,1
20030624,AL,100,0,0,0,0,0,2003-06-24,2003-06-30,1
20030617,AL,100,0,0,0,0,0,2003-06-17,2003-06-23,1
20030610,AL,100,0,0,0,0,0,2003-06-10,2003-06-16,1
20030603,AL,100,0,0,0,0,0,2003-06-03,2003-06-09,1
20030527,AL,100,0,0,0,0,0,2003-05-27,2003-06-02,1
20030520,AL,100,0,0,0,0,0,2003-05-20,2003-05-26,1
20030513,AL,89.63,10.37,0,0,0,0,2003-05-13,2003-05-19,1
20030506,AL,94.88,5.12,0,0,0,0,2003-05-06,2003-05-12,1
20030429,AL,100,0,0,0,0,0,2003-04-29,2003-05-05,1
20030422,AL,100,0,0,0,0,0,2003-04-22,2003-04-28,1
20030415,AL,100,0,0,0,0,0,2003-04-15,2003-04-21,1
20030408,AL,100,0,0,0,0,0,2003-04-08,2003-04-14,1
20030401,AL,100,0,0,0,0,0,2003-04-01,2003-04-07,1
20030325,AL,100,0,0,0,0,0,2003-03-25,2003-03-31,1
20030318,AL,100,0,0,0,0,0,2003-03-18,2003-03-24,1
20030311,AL,100,0,0,0,0,0,2003-03-11,2003-03-17,1
20030304,AL,99.98,0.02,0,0,0,0,2003-03-04,2003-03-10,1
20030225,AL,99.32,0.68,0,0,0,0,2003-02-25,2003-03-03,1
20030218,AL,99.73,0.27,0,0,0,0,2003-02-18,2003-02-24,1
20030211,AL,97.98,2.02,0,0,0,0,2003-02-11,2003-02-17,1
20030204,AL,97.77,2.23,0,0,0,0,2003-02-04,2003-02-10,1
20030128,AL,100,0,0,0,0,0,2003-01-28,2003-02-03,1
20030121,AL,100,0,0,0,0,0,2003-01-21,2003-01-27,1
20030114,AL,100,0,0,0,0,0,2003-01-14,2003-01-20,1
20030107,AL,100,0,0,0,0,0,2003-01-07,2003-01-13,1
20021231,AL,100,0,0,0,0,0,2002-12-31,2003-01-06,1
20021224,AL,100,0,0,0,0,0,2002-12-24,2002-12-30,1
20021217,AL,100,0,0,0,0,0,2002-12-17,2002-12-23,1
20021210,AL,100,0,0,0,0,0,2002-12-10,2002-12-16,1
20021203,AL,100,0,0,0,0,0,2002-12-03,2002-12-09,1
20021126,AL,100,0,0,0,0,0,2002-11-26,2002-12-02,1
20021119,AL,100,0,0,0,0,0,2002-11-19,2002-11-25,1
20021112,AL,100,0,0,0,0,0,2002-11-12,2002-11-18,1
20021105,AL,99.74,0.26,0,0,0,0,2002-11-05,2002-11-11,1
20021029,AL,99.87,0.13,0,0,0,0,2002-10-29,2002-11-04,1
20021022,AL,99.89,0.11,0,0,0,0,2002-10-22,2002-10-28,1
20021015,AL,78.74,21.26,10.04,0,0,0,2002-10-15,2002-10-21,1
20021008,AL,86.66,13.34,0,0,0,0,2002-10-08,2002-10-14,1
20021001,AL,87.35,12.65,0.01,0,0,0,2002-10-01,2002-10-07,1
20020924,AL,25.45,74.55,31.03,5.25,0,0,2002-09-24,2002-09-30,1
20020917,AL,9.95,90.05,49.06,14.99,0.09,0,2002-09-17,2002-09-23,1
20020910,AL,1.72,98.28,59.29,17.43,0.27,0,2002-09-10,2002-09-16,1
20020903,AL,19.21,80.79,28.37,13.94,0.67,0,2002-09-03,2002-09-09,1
20020827,AL,38.62,61.38,28.18,12.8,0,0,2002-08-27,2002-09-02,1
20020820,AL,38.02,61.98,29.41,13.11,0,0,2002-08-20,2002-08-26,1
20020813,AL,40.55,59.45,27.86,11.57,0,0,2002-08-13,2002-08-19,1
20020806,AL,45.18,54.82,16.63,0,0,0,2002-08-06,2002-08-12,1
20020730,AL,15.11,84.89,38.68,0,0,0,2002-07-30,2002-08-05,1
20020723,AL,19.03,80.97,52.27,19.54,0,0,2002-07-23,2002-07-29,1
20020716,AL,19.68,80.32,54.01,19.43,0,0,2002-07-16,2002-07-22,1
20020709,AL,17.9,82.1,61.48,22.94,0,0,2002-07-09,2002-07-15,1
20020702,AL,22.53,77.47,59.18,25.66,0,0,2002-07-02,2002-07-08,1
20020625,AL,5.09,94.91,62.41,30.42,0,0,2002-06-25,2002-07-01,1
20020618,AL,22.72,77.28,60.17,26.33,0.15,0,2002-06-18,2002-06-24,1
20020611,AL,16.56,83.44,59.91,26.53,0.11,0,2002-06-11,2002-06-17,1
20020604,AL,21.98,78.02,60.74,25.3,0.01,0,2002-06-04,2002-06-10,1
20020528,AL,20.14,79.86,64.16,32.11,0.09,0,2002-05-28,2002-06-03,1
20020521,AL,25.38,74.62,58.04,29.45,0,0,2002-05-21,2002-05-27,1
20020514,AL,25.68,74.32,57.5,4.53,0,0,2002-05-14,2002-05-20,1
20020507,AL,27.21,72.79,12.11,0,0,0,2002-05-07,2002-05-13,1
20020430,AL,7.38,92.62,10.44,0,0,0,2002-04-30,2002-05-06,1
20020423,AL,33.64,66.36,1.53,0,0,0,2002-04-23,2002-04-29,1
20020416,AL,80.21,19.79,0.84,0,0,0,2002-04-16,2002-04-22,1
20020409,AL,68.44,31.56,3.77,0,0,0,2002-04-09,2002-04-15,1
20020402,AL,67.57,32.43,4.17,0,0,0,2002-04-02,2002-04-08,1
20020326,AL,37.93,62.07,22.58,2.88,0,0,2002-03-26,2002-04-01,1
20020319,AL,36.29,63.71,23.15,3.25,0,0,2002-03-19,2002-03-25,1
20020312,AL,23.34,76.66,24.39,3.62,0,0,2002-03-12,2002-03-18,1
20020305,AL,38.02,61.98,6.69,0.06,0,0,2002-03-05,2002-03-11,1
20020226,AL,54.35,45.65,7.11,0.13,0,0,2002-02-26,2002-03-04,1
20020219,AL,60.18,39.82,3.83,0.01,0,0,2002-02-19,2002-02-25,1
20020212,AL,96.42,3.58,1.39,0.18,0,0,2002-02-12,2002-02-18,1
20020205,AL,73.91,26.09,6.01,0.21,0,0,2002-02-05,2002-02-11,1
20020129,AL,77.56,22.44,8.13,0,0,0,2002-01-29,2002-02-04,1
20020122,AL,76.81,23.19,7.63,0.03,0,0,2002-01-22,2002-01-28,1
20020115,AL,66.46,33.54,9.53,0,0,0,2002-01-15,2002-01-21,1
20020108,AL,60.14,39.86,7.45,1.52,0,0,2002-01-08,2002-01-14,1
20020101,AL,69.62,30.38,7.39,1.7,0,0,2002-01-01,2002-01-07,1
20011225,AL,69.39,30.61,0.42,0,0,0,2001-12-25,2001-12-31,1
20011218,AL,81.75,18.25,0.42,0,0,0,2001-12-18,2001-12-24,1
20011211,AL,80.64,19.36,2.04,0,0,0,2001-12-11,2001-12-17,1
20011204,AL,61.87,38.13,7.65,0,0,0,2001-12-04,2001-12-10,1
20011127,AL,61.87,38.13,7.65,0,0,0,2001-11-27,2001-12-03,1
20011120,AL,56.37,43.63,7.83,0,0,0,2001-11-20,2001-11-26,1
20011113,AL,56.37,43.63,7.74,0,0,0,2001-11-13,2001-11-19,1
20011106,AL,58.51,41.49,0.1,0,0,0,2001-11-06,2001-11-12,1
20011030,AL,80.03,19.97,0,0,0,0,2001-10-30,2001-11-05,1
20011023,AL,92.82,7.18,0,0,0,0,2001-10-23,2001-10-29,1
20011016,AL,92.78,7.22,0,0,0,0,2001-10-16,2001-10-22,1
20011009,AL,93.2,6.8,0,0,0,0,2001-10-09,2001-10-15,1
20011002,AL,96.02,3.98,0,0,0,0,2001-10-02,2001-10-08,1
20010925,AL,100,0,0,0,0,0,2001-09-25,2001-10-01,1
20010918,AL,100,0,0,0,0,0,2001-09-18,2001-09-24,1
20010911,AL,100,0,0,0,0,0,2001-09-11,2001-09-17,1
20010904,AL,100,0,0,0,0,0,2001-09-04,2001-09-10,1
20010828,AL,98.13,1.87,0,0,0,0,2001-08-28,2001-09-03,1
20010821,AL,100,0,0,0,0,0,2001-08-21,2001-08-27,1
20010814,AL,100,0,0,0,0,0,2001-08-14,2001-08-20,1
20010807,AL,100,0,0,0,0,0,2001-08-07,2001-08-13,1
20010731,AL,100,0,0,0,0,0,2001-07-31,2001-08-06,1
20010724,AL,99.84,0.16,0,0,0,0,2001-07-24,2001-07-30,1
20010717,AL,99.99,0.01,0,0,0,0,2001-07-17,2001-07-23,1
20010710,AL,99.99,0.01,0,0,0,0,2001-07-10,2001-07-16,1
20010703,AL,99.81,0.19,0,0,0,0,2001-07-03,2001-07-09,1
20010626,AL,99.81,0.19,0,0,0,0,2001-06-26,2001-07-02,1
20010619,AL,99.81,0.19,0,0,0,0,2001-06-19,2001-06-25,1
20010612,AL,100,0,0,0,0,0,2001-06-12,2001-06-18,1
20010605,AL,76.33,23.67,4.52,0,0,0,2001-06-05,2001-06-11,1
20010529,AL,43.39,56.61,9.95,0,0,0,2001-05-29,2001-06-04,1
20010522,AL,43.39,56.61,0.58,0,0,0,2001-05-22,2001-05-28,1
20010515,AL,41.3,58.7,0.58,0,0,0,2001-05-15,2001-05-21,1
20010508,AL,41.3,58.7,0.34,0,0,0,2001-05-08,2001-05-14,1
20010501,AL,95.59,4.41,0,0,0,0,2001-05-01,2001-05-07,1
20010424,AL,96.64,3.36,0,0,0,0,2001-04-24,2001-04-30,1
20010417,AL,97.05,2.95,0,0,0,0,2001-04-17,2001-04-23,1
20010410,AL,98.35,1.65,0,0,0,0,2001-04-10,2001-04-16,1
20010403,AL,85.12,14.88,0,0,0,0,2001-04-03,2001-04-09,1
20010327,AL,81.76,18.24,3.57,0,0,0,2001-03-27,2001-04-02,1
20010320,AL,81.6,18.4,4.83,0,0,0,2001-03-20,2001-03-26,1
20010313,AL,60.49,39.51,10.55,0,0,0,2001-03-13,2001-03-19,1
20010306,AL,62.24,37.76,8.9,0,0,0,2001-03-06,2001-03-12,1
20010227,AL,26.33,73.67,50.14,5.21,0,0,2001-02-27,2001-03-05,1
20010220,AL,24.7,75.3,50.14,7.28,0,0,2001-02-20,2001-02-26,1
20010213,AL,12.24,87.76,39.88,7.25,0,0,2001-02-13,2001-02-19,1
20010206,AL,4.77,95.23,56.25,14.36,0,0,2001-02-06,2001-02-12,1
20010130,AL,4.77,95.23,56.25,14.36,0,0,2001-01-30,2001-02-05,1
20010123,AL,0,100,68.59,17.55,0,0,2001-01-23,2001-01-29,1
20010116,AL,0,100,100,47.09,0,0,2001-01-16,2001-01-22,1
20010109,AL,0,100,100,47.09,0,0,2001-01-09,2001-01-15,1
20010102,AL,0,100,99.72,44.19,0,0,2001-01-02,2001-01-08,1
20001226,AL,0,100,99.8,74.11,0,0,2000-12-26,2001-01-01,1
20001219,AL,0,100,100,80.99,0,0,2000-12-19,2000-12-25,1
20001212,AL,0,100,100,100,0,0,2000-12-12,2000-12-18,1
20001205,AL,0,100,100,100,0,0,2000-12-05,2000-12-11,1
20001128,AL,0,100,100,100,0,0,2000-11-28,2000-12-04,1
20001121,AL,0,100,100,100,37.18,0,2000-11-21,2000-11-27,1
20001114,AL,0,100,100,100,67.95,16.88,2000-11-14,2000-11-20,1
20001107,AL,0,100,100,100,91.82,20.99,2000-11-07,2000-11-13,1
20001031,AL,0,100,100,100,100,65.47,2000-10-31,2000-11-06,1
20001024,AL,0,100,100,99.63,98.78,57.13,2000-10-24,2000-10-30,1
20001017,AL,0,100,100,99.7,95.1,49.53,2000-10-17,2000-10-23,1
20001010,AL,0,100,100,99.05,82.94,26.65,2000-10-10,2000-10-16,1
20001003,AL,0,100,100,99.05,81.77,31.62,2000-10-03,2000-10-09,1
20000926,AL,0,100,100,99.05,81.77,31.62,2000-09-26,2000-10-02,1
20000919,AL,0,100,100,100,98.26,70.82,2000-09-19,2000-09-25,1
20000912,AL,0,100,100,100,99.98,68.54,2000-09-12,2000-09-18,1
20000905,AL,0,100,100,100,98.47,77.7,2000-09-05,2000-09-11,1
20000829,AL,0,100,100,99.75,96.43,77.9,2000-08-29,2000-09-04,1
20000822,AL,0,100,100,99.03,93.45,74.75,2000-08-22,2000-08-28,1
20000815,AL,0,100,100,96.5,89.49,59.15,2000-08-15,2000-08-21,1
20000808,AL,0,100,100,97.38,91.04,58.85,2000-08-08,2000-08-14,1
20000801,AL,0,100,100,97.38,90.88,62.57,2000-08-01,2000-08-07,1
20000725,AL,0,100,100,97.14,90.87,63.46,2000-07-25,2000-07-31,1
20000718,AL,0,100,100,96.15,81.39,44.06,2000-07-18,2000-07-24,1
20000711,AL,0,100,100,89.26,47.75,23.43,2000-07-11,2000-07-17,1
20000704,AL,0,100,91.79,63.64,37.14,14.82,2000-07-04,2000-07-10,1
20000627,AL,0,100,99.51,65.21,37.47,3.91,2000-06-27,2000-07-03,1
20000620,AL,0,100,100,68.03,40.35,3.91,2000-06-20,2000-06-26,1
20000613,AL,0,100,100,68.03,40.35,3.85,2000-06-13,2000-06-19,1
20000606,AL,0,100,97.84,42.96,15.18,0,2000-06-06,2000-06-12,1
20000530,AL,0,100,96.29,42.96,15.18,0,2000-05-30,2000-06-05,1
20000523,AL,0,100,63.48,41.01,13.69,0,2000-05-23,2000-05-29,1
20000516,AL,17.29,82.71,63.48,41.01,13.69,0,2000-05-16,2000-05-22,1
20000509,AL,26.8,73.2,55.24,36.76,0,0,2000-05-09,2000-05-15,1
20000502,AL,38.7,61.3,42.69,18.69,0,0,2000-05-02,2000-05-08,1
20000425,AL,38.7,61.3,35.82,11.52,0,0,2000-04-25,2000-05-01,1
20000418,AL,32.11,67.89,45.19,9.41,0,0,2000-04-18,2000-04-24,1
20000411,AL,34.99,65.01,42.58,8.43,0,0,2000-04-11,2000-04-17,1
20000404,AL,0,100,41.15,8.43,0,0,2000-04-04,2000-04-10,1
20000328,AL,0,100,51.94,6.4,0,0,2000-03-28,2000-04-03,1
20000321,AL,0,100,60.86,21.29,0,0,2000-03-21,2000-03-27,1
20000314,AL,0,100,63.97,21.22,0,0,2000-03-14,2000-03-20,1
20000307,AL,0,100,57.02,22.68,0,0,2000-03-07,2000-03-13,1
20000229,AL,0,100,57.16,10.52,0,0,2000-02-29,2000-03-06,1
20000222,AL,0,100,54.08,0.49,0,0,2000-02-22,2000-02-28,1
20000215,AL,0,100,46.4,0.41,0,0,2000-02-15,2000-02-21,1
20000208,AL,0,100,46.4,0.41,0,0,2000-02-08,2000-02-14,1
20000201,AL,0,100,50.07,0.17,0,0,2000-02-01,2000-02-07,1
20000125,AL,0,100,75.67,4.79,0,0,2000-01-25,2000-01-31,1
20000118,AL,0,100,75.71,4.24,0,0,2000-01-18,2000-01-24,1
20000111,AL,0,100,76.88,4.24,0,0,2000-01-11,2000-01-17,1
20000104,AL,0,100,47.98,16.35,0,0,2000-01-04,2000-01-10,1
